"","low.Species","low.Camr_Nm","low.Latitud","low.Longitd","na.rm"
"1","Canis latrans","RCB1",9.582,-85.101,TRUE
"2","Canis latrans","RCB1",9.582,-85.101,TRUE
"5","Canis latrans","RCB1",9.582,-85.101,TRUE
"7","Canis latrans","RCB1",9.582,-85.101,TRUE
"9","Canis latrans","RCB1",9.582,-85.101,TRUE
"10","Canis latrans","RCB1",9.582,-85.101,TRUE
"11","Canis latrans","RCB1",9.582,-85.101,TRUE
"12","Canis latrans","RCB1",9.582,-85.101,TRUE
"16","Canis latrans","RCB1",9.582,-85.101,TRUE
"17","Canis latrans","RCB1",9.582,-85.101,TRUE
"18","Canis latrans","RCB1",9.582,-85.101,TRUE
"19","Canis latrans","RCB1",9.582,-85.101,TRUE
"23","Canis latrans","RCB1",9.582,-85.101,TRUE
"24","Canis latrans","RCB1",9.582,-85.101,TRUE
"25","Canis latrans","RCB1",9.582,-85.101,TRUE
"26","Canis latrans","RCB1",9.582,-85.101,TRUE
"27","Canis latrans","RCB1",9.582,-85.101,TRUE
"29","Canis latrans","RCB1",9.582,-85.101,TRUE
"32","Canis latrans","RCB1",9.582,-85.101,TRUE
"39","Canis latrans","RCB2",9.5867,-85.0957,TRUE
"46","Canis latrans","RCB2",9.5867,-85.0957,TRUE
"73","Canis latrans","RCB2",9.5867,-85.0957,TRUE
"80","Canis latrans","RCB2",9.5867,-85.0957,TRUE
"209","Canis latrans","RCB5",9.5807,-85.1132,TRUE
"327","Canis latrans","RCB5",9.5807,-85.1132,TRUE
"430","Canis latrans","RCB6",9.5897,-85.1101,TRUE
"439","Canis latrans","RCB6",9.5897,-85.1101,TRUE
"447","Canis latrans","RCB6",9.5897,-85.1101,TRUE
"449","Canis latrans","RCB6",9.5897,-85.1101,TRUE
"466","Canis latrans","RCB6",9.5897,-85.1101,TRUE
"481","Canis latrans","RCB6",9.5897,-85.1101,TRUE
"517","Canis latrans","RCB6",9.5897,-85.1101,TRUE
"528","Canis latrans","RCB6",9.5897,-85.1101,TRUE
"7514","Canis latrans","LC1",9.7001,-84.3921,TRUE
"7515","Canis latrans","LC1",9.7001,-84.3921,TRUE
"7516","Canis latrans","LC1",9.7001,-84.3921,TRUE
"7517","Canis latrans","LC1",9.7001,-84.3921,TRUE
"7518","Canis latrans","LC1",9.7001,-84.3921,TRUE
"7519","Canis latrans","LC1",9.7001,-84.3921,TRUE
"7520","Canis latrans","LC1",9.7001,-84.3921,TRUE
"7787","Canis latrans","LC1",9.7001,-84.3921,TRUE
"7788","Canis latrans","LC1",9.7001,-84.3921,TRUE
"7789","Canis latrans","LC1",9.7001,-84.3921,TRUE
"7790","Canis latrans","LC1",9.7001,-84.3921,TRUE
"7791","Canis latrans","LC1",9.7001,-84.3921,TRUE
"7792","Canis latrans","LC1",9.7001,-84.3921,TRUE
"7793","Canis latrans","LC1",9.7001,-84.3921,TRUE
"7815","Canis latrans","LC1",9.7001,-84.3921,TRUE
"7816","Canis latrans","LC1",9.7001,-84.3921,TRUE
"7817","Canis latrans","LC1",9.7001,-84.3921,TRUE
"7818","Canis latrans","LC1",9.7001,-84.3921,TRUE
"7819","Canis latrans","LC1",9.7001,-84.3921,TRUE
"7820","Canis latrans","LC1",9.7001,-84.3921,TRUE
"7821","Canis latrans","LC1",9.7001,-84.3921,TRUE
"8088","Canis latrans","LC1",9.7001,-84.3921,TRUE
"8089","Canis latrans","LC1",9.7001,-84.3921,TRUE
"8090","Canis latrans","LC1",9.7001,-84.3921,TRUE
"8091","Canis latrans","LC1",9.7001,-84.3921,TRUE
"8092","Canis latrans","LC1",9.7001,-84.3921,TRUE
"8093","Canis latrans","LC1",9.7001,-84.3921,TRUE
"8094","Canis latrans","LC1",9.7001,-84.3921,TRUE
"38163","Canis latrans","LC4",9.708,-84.4008,TRUE
"38164","Canis latrans","LC4",9.708,-84.4008,TRUE
"38165","Canis latrans","LC4",9.708,-84.4008,TRUE
"38166","Canis latrans","LC4",9.708,-84.4008,TRUE
"39111","Canis latrans","LC4",9.708,-84.4008,TRUE
"39112","Canis latrans","LC4",9.708,-84.4008,TRUE
"39113","Canis latrans","LC4",9.708,-84.4008,TRUE
"39114","Canis latrans","LC4",9.708,-84.4008,TRUE
"39119","Canis latrans","LC4",9.708,-84.4008,TRUE
"39120","Canis latrans","LC4",9.708,-84.4008,TRUE
"39121","Canis latrans","LC4",9.708,-84.4008,TRUE
"39122","Canis latrans","LC4",9.708,-84.4008,TRUE
"39127","Canis latrans","LC4",9.708,-84.4008,TRUE
"39128","Canis latrans","LC4",9.708,-84.4008,TRUE
"39129","Canis latrans","LC4",9.708,-84.4008,TRUE
"39130","Canis latrans","LC4",9.708,-84.4008,TRUE
"41575","Canis latrans","LC4",9.708,-84.4008,TRUE
"41576","Canis latrans","LC4",9.708,-84.4008,TRUE
"41577","Canis latrans","LC4",9.708,-84.4008,TRUE
"41578","Canis latrans","LC4",9.708,-84.4008,TRUE
"42531","Canis latrans","LC4",9.708,-84.4008,TRUE
"42532","Canis latrans","LC4",9.708,-84.4008,TRUE
"42533","Canis latrans","LC4",9.708,-84.4008,TRUE
"42534","Canis latrans","LC4",9.708,-84.4008,TRUE
"43011","Canis latrans","LC4",9.708,-84.4008,TRUE
"43012","Canis latrans","LC4",9.708,-84.4008,TRUE
"43013","Canis latrans","LC4",9.708,-84.4008,TRUE
"43014","Canis latrans","LC4",9.708,-84.4008,TRUE
"44451","Canis latrans","LC4",9.708,-84.4008,TRUE
"44452","Canis latrans","LC4",9.708,-84.4008,TRUE
"44453","Canis latrans","LC4",9.708,-84.4008,TRUE
"44454","Canis latrans","LC4",9.708,-84.4008,TRUE
"44455","Canis latrans","LC4",9.708,-84.4008,TRUE
"44456","Canis latrans","LC4",9.708,-84.4008,TRUE
"44457","Canis latrans","LC4",9.708,-84.4008,TRUE
"44458","Canis latrans","LC4",9.708,-84.4008,TRUE
"49508","Canis latrans","PNC1",9.7983,-84.5969,TRUE
"49509","Canis latrans","PNC1",9.7983,-84.5969,TRUE
"49510","Canis latrans","PNC1",9.7983,-84.5969,TRUE
"49511","Canis latrans","PNC1",9.7983,-84.5969,TRUE
"49512","Canis latrans","PNC1",9.7983,-84.5969,TRUE
"49518","Canis latrans","PNC1",9.7983,-84.5969,TRUE
"49519","Canis latrans","PNC1",9.7983,-84.5969,TRUE
"49520","Canis latrans","PNC1",9.7983,-84.5969,TRUE
"49521","Canis latrans","PNC1",9.7983,-84.5969,TRUE
"49522","Canis latrans","PNC1",9.7983,-84.5969,TRUE
"54271","Canis latrans","PNC3",9.7753,-84.601,TRUE
"54272","Canis latrans","PNC3",9.7753,-84.601,TRUE
"54273","Canis latrans","PNC3",9.7753,-84.601,TRUE
"54274","Canis latrans","PNC3",9.7753,-84.601,TRUE
"54275","Canis latrans","PNC3",9.7753,-84.601,TRUE
"56086","Canis latrans","PNC3",9.7753,-84.601,TRUE
"56087","Canis latrans","PNC3",9.7753,-84.601,TRUE
"56088","Canis latrans","PNC3",9.7753,-84.601,TRUE
"56089","Canis latrans","PNC3",9.7753,-84.601,TRUE
"56090","Canis latrans","PNC3",9.7753,-84.601,TRUE
"60136","Canis latrans","PNC3",9.7753,-84.601,TRUE
"60137","Canis latrans","PNC3",9.7753,-84.601,TRUE
"60138","Canis latrans","PNC3",9.7753,-84.601,TRUE
"60139","Canis latrans","PNC3",9.7753,-84.601,TRUE
"60140","Canis latrans","PNC3",9.7753,-84.601,TRUE
"68343","Canis latrans","RCB1",9.582,-85.101,TRUE
"68344","Canis latrans","RCB1",9.582,-85.101,TRUE
"68345","Canis latrans","RCB1",9.582,-85.101,TRUE
"68346","Canis latrans","RCB1",9.582,-85.101,TRUE
"68347","Canis latrans","RCB1",9.582,-85.101,TRUE
"68348","Canis latrans","RCB1",9.582,-85.101,TRUE
"68349","Canis latrans","RCB1",9.582,-85.101,TRUE
"68350","Canis latrans","RCB1",9.582,-85.101,TRUE
"68647","Canis latrans","RCB1",9.582,-85.101,TRUE
"68648","Canis latrans","RCB1",9.582,-85.101,TRUE
"68649","Canis latrans","RCB1",9.582,-85.101,TRUE
"68650","Canis latrans","RCB1",9.582,-85.101,TRUE
"68651","Canis latrans","RCB1",9.582,-85.101,TRUE
"68652","Canis latrans","RCB1",9.582,-85.101,TRUE
"68653","Canis latrans","RCB1",9.582,-85.101,TRUE
"68654","Canis latrans","RCB1",9.582,-85.101,TRUE
"69271","Canis latrans","RCB1",9.582,-85.101,TRUE
"69272","Canis latrans","RCB1",9.582,-85.101,TRUE
"69273","Canis latrans","RCB1",9.582,-85.101,TRUE
"69274","Canis latrans","RCB1",9.582,-85.101,TRUE
"69275","Canis latrans","RCB1",9.582,-85.101,TRUE
"69276","Canis latrans","RCB1",9.582,-85.101,TRUE
"69277","Canis latrans","RCB1",9.582,-85.101,TRUE
"69278","Canis latrans","RCB1",9.582,-85.101,TRUE
"70831","Canis latrans","RCB1",9.582,-85.101,TRUE
"70832","Canis latrans","RCB1",9.582,-85.101,TRUE
"70833","Canis latrans","RCB1",9.582,-85.101,TRUE
"70834","Canis latrans","RCB1",9.582,-85.101,TRUE
"70835","Canis latrans","RCB1",9.582,-85.101,TRUE
"70836","Canis latrans","RCB1",9.582,-85.101,TRUE
"70837","Canis latrans","RCB1",9.582,-85.101,TRUE
"70838","Canis latrans","RCB1",9.582,-85.101,TRUE
"70839","Canis latrans","RCB1",9.582,-85.101,TRUE
"70840","Canis latrans","RCB1",9.582,-85.101,TRUE
"70841","Canis latrans","RCB1",9.582,-85.101,TRUE
"70842","Canis latrans","RCB1",9.582,-85.101,TRUE
"70843","Canis latrans","RCB1",9.582,-85.101,TRUE
"70844","Canis latrans","RCB1",9.582,-85.101,TRUE
"70845","Canis latrans","RCB1",9.582,-85.101,TRUE
"70846","Canis latrans","RCB1",9.582,-85.101,TRUE
"71679","Canis latrans","RCB1",9.582,-85.101,TRUE
"71680","Canis latrans","RCB1",9.582,-85.101,TRUE
"71681","Canis latrans","RCB1",9.582,-85.101,TRUE
"71682","Canis latrans","RCB1",9.582,-85.101,TRUE
"71683","Canis latrans","RCB1",9.582,-85.101,TRUE
"71684","Canis latrans","RCB1",9.582,-85.101,TRUE
"71685","Canis latrans","RCB1",9.582,-85.101,TRUE
"71686","Canis latrans","RCB1",9.582,-85.101,TRUE
"71879","Canis latrans","RCB1",9.582,-85.101,TRUE
"71880","Canis latrans","RCB1",9.582,-85.101,TRUE
"71881","Canis latrans","RCB1",9.582,-85.101,TRUE
"71882","Canis latrans","RCB1",9.582,-85.101,TRUE
"71883","Canis latrans","RCB1",9.582,-85.101,TRUE
"71884","Canis latrans","RCB1",9.582,-85.101,TRUE
"71885","Canis latrans","RCB1",9.582,-85.101,TRUE
"71886","Canis latrans","RCB1",9.582,-85.101,TRUE
"71887","Canis latrans","RCB1",9.582,-85.101,TRUE
"71888","Canis latrans","RCB1",9.582,-85.101,TRUE
"71889","Canis latrans","RCB1",9.582,-85.101,TRUE
"71890","Canis latrans","RCB1",9.582,-85.101,TRUE
"71891","Canis latrans","RCB1",9.582,-85.101,TRUE
"71892","Canis latrans","RCB1",9.582,-85.101,TRUE
"71893","Canis latrans","RCB1",9.582,-85.101,TRUE
"71894","Canis latrans","RCB1",9.582,-85.101,TRUE
"71895","Canis latrans","RCB1",9.582,-85.101,TRUE
"71896","Canis latrans","RCB1",9.582,-85.101,TRUE
"71897","Canis latrans","RCB1",9.582,-85.101,TRUE
"71898","Canis latrans","RCB1",9.582,-85.101,TRUE
"71899","Canis latrans","RCB1",9.582,-85.101,TRUE
"71900","Canis latrans","RCB1",9.582,-85.101,TRUE
"71901","Canis latrans","RCB1",9.582,-85.101,TRUE
"71902","Canis latrans","RCB1",9.582,-85.101,TRUE
"72871","Canis latrans","RCB1",9.582,-85.101,TRUE
"72872","Canis latrans","RCB1",9.582,-85.101,TRUE
"72873","Canis latrans","RCB1",9.582,-85.101,TRUE
"72874","Canis latrans","RCB1",9.582,-85.101,TRUE
"72875","Canis latrans","RCB1",9.582,-85.101,TRUE
"72876","Canis latrans","RCB1",9.582,-85.101,TRUE
"72877","Canis latrans","RCB1",9.582,-85.101,TRUE
"72878","Canis latrans","RCB1",9.582,-85.101,TRUE
"73759","Canis latrans","RCB1",9.582,-85.101,TRUE
"73760","Canis latrans","RCB1",9.582,-85.101,TRUE
"73761","Canis latrans","RCB1",9.582,-85.101,TRUE
"73762","Canis latrans","RCB1",9.582,-85.101,TRUE
"73763","Canis latrans","RCB1",9.582,-85.101,TRUE
"73764","Canis latrans","RCB1",9.582,-85.101,TRUE
"73765","Canis latrans","RCB1",9.582,-85.101,TRUE
"73766","Canis latrans","RCB1",9.582,-85.101,TRUE
"74527","Canis latrans","RCB1",9.582,-85.101,TRUE
"74528","Canis latrans","RCB1",9.582,-85.101,TRUE
"74529","Canis latrans","RCB1",9.582,-85.101,TRUE
"74530","Canis latrans","RCB1",9.582,-85.101,TRUE
"74531","Canis latrans","RCB1",9.582,-85.101,TRUE
"74532","Canis latrans","RCB1",9.582,-85.101,TRUE
"74533","Canis latrans","RCB1",9.582,-85.101,TRUE
"74534","Canis latrans","RCB1",9.582,-85.101,TRUE
"74735","Canis latrans","RCB1",9.582,-85.101,TRUE
"74736","Canis latrans","RCB1",9.582,-85.101,TRUE
"74737","Canis latrans","RCB1",9.582,-85.101,TRUE
"74738","Canis latrans","RCB1",9.582,-85.101,TRUE
"74739","Canis latrans","RCB1",9.582,-85.101,TRUE
"74740","Canis latrans","RCB1",9.582,-85.101,TRUE
"74741","Canis latrans","RCB1",9.582,-85.101,TRUE
"74742","Canis latrans","RCB1",9.582,-85.101,TRUE
"76703","Canis latrans","RCB1",9.582,-85.101,TRUE
"76704","Canis latrans","RCB1",9.582,-85.101,TRUE
"76705","Canis latrans","RCB1",9.582,-85.101,TRUE
"76706","Canis latrans","RCB1",9.582,-85.101,TRUE
"76707","Canis latrans","RCB1",9.582,-85.101,TRUE
"76708","Canis latrans","RCB1",9.582,-85.101,TRUE
"76709","Canis latrans","RCB1",9.582,-85.101,TRUE
"76710","Canis latrans","RCB1",9.582,-85.101,TRUE
"80359","Canis latrans","RCB1",9.582,-85.101,TRUE
"80360","Canis latrans","RCB1",9.582,-85.101,TRUE
"80361","Canis latrans","RCB1",9.582,-85.101,TRUE
"80362","Canis latrans","RCB1",9.582,-85.101,TRUE
"80363","Canis latrans","RCB1",9.582,-85.101,TRUE
"80364","Canis latrans","RCB1",9.582,-85.101,TRUE
"80365","Canis latrans","RCB1",9.582,-85.101,TRUE
"80366","Canis latrans","RCB1",9.582,-85.101,TRUE
"80399","Canis latrans","RCB1",9.582,-85.101,TRUE
"80400","Canis latrans","RCB1",9.582,-85.101,TRUE
"80401","Canis latrans","RCB1",9.582,-85.101,TRUE
"80402","Canis latrans","RCB1",9.582,-85.101,TRUE
"80403","Canis latrans","RCB1",9.582,-85.101,TRUE
"80404","Canis latrans","RCB1",9.582,-85.101,TRUE
"80405","Canis latrans","RCB1",9.582,-85.101,TRUE
"80406","Canis latrans","RCB1",9.582,-85.101,TRUE
"80407","Canis latrans","RCB1",9.582,-85.101,TRUE
"80408","Canis latrans","RCB1",9.582,-85.101,TRUE
"80409","Canis latrans","RCB1",9.582,-85.101,TRUE
"80410","Canis latrans","RCB1",9.582,-85.101,TRUE
"80411","Canis latrans","RCB1",9.582,-85.101,TRUE
"80412","Canis latrans","RCB1",9.582,-85.101,TRUE
"80413","Canis latrans","RCB1",9.582,-85.101,TRUE
"80414","Canis latrans","RCB1",9.582,-85.101,TRUE
"80415","Canis latrans","RCB1",9.582,-85.101,TRUE
"80416","Canis latrans","RCB1",9.582,-85.101,TRUE
"80417","Canis latrans","RCB1",9.582,-85.101,TRUE
"80418","Canis latrans","RCB1",9.582,-85.101,TRUE
"80419","Canis latrans","RCB1",9.582,-85.101,TRUE
"80420","Canis latrans","RCB1",9.582,-85.101,TRUE
"80421","Canis latrans","RCB1",9.582,-85.101,TRUE
"80422","Canis latrans","RCB1",9.582,-85.101,TRUE
"80559","Canis latrans","RCB1",9.582,-85.101,TRUE
"80560","Canis latrans","RCB1",9.582,-85.101,TRUE
"80561","Canis latrans","RCB1",9.582,-85.101,TRUE
"80562","Canis latrans","RCB1",9.582,-85.101,TRUE
"80563","Canis latrans","RCB1",9.582,-85.101,TRUE
"80564","Canis latrans","RCB1",9.582,-85.101,TRUE
"80565","Canis latrans","RCB1",9.582,-85.101,TRUE
"80566","Canis latrans","RCB1",9.582,-85.101,TRUE
"80615","Canis latrans","RCB1",9.582,-85.101,TRUE
"80616","Canis latrans","RCB1",9.582,-85.101,TRUE
"80617","Canis latrans","RCB1",9.582,-85.101,TRUE
"80618","Canis latrans","RCB1",9.582,-85.101,TRUE
"80619","Canis latrans","RCB1",9.582,-85.101,TRUE
"80620","Canis latrans","RCB1",9.582,-85.101,TRUE
"80621","Canis latrans","RCB1",9.582,-85.101,TRUE
"80622","Canis latrans","RCB1",9.582,-85.101,TRUE
"86143","Canis latrans","RCB1",9.582,-85.101,TRUE
"86144","Canis latrans","RCB1",9.582,-85.101,TRUE
"86145","Canis latrans","RCB1",9.582,-85.101,TRUE
"86146","Canis latrans","RCB1",9.582,-85.101,TRUE
"86147","Canis latrans","RCB1",9.582,-85.101,TRUE
"86148","Canis latrans","RCB1",9.582,-85.101,TRUE
"86149","Canis latrans","RCB1",9.582,-85.101,TRUE
"86150","Canis latrans","RCB1",9.582,-85.101,TRUE
"86151","Canis latrans","RCB1",9.582,-85.101,TRUE
"86152","Canis latrans","RCB1",9.582,-85.101,TRUE
"86153","Canis latrans","RCB1",9.582,-85.101,TRUE
"86154","Canis latrans","RCB1",9.582,-85.101,TRUE
"86155","Canis latrans","RCB1",9.582,-85.101,TRUE
"86156","Canis latrans","RCB1",9.582,-85.101,TRUE
"86157","Canis latrans","RCB1",9.582,-85.101,TRUE
"86158","Canis latrans","RCB1",9.582,-85.101,TRUE
"86159","Canis latrans","RCB1",9.582,-85.101,TRUE
"86160","Canis latrans","RCB1",9.582,-85.101,TRUE
"86161","Canis latrans","RCB1",9.582,-85.101,TRUE
"86162","Canis latrans","RCB1",9.582,-85.101,TRUE
"86163","Canis latrans","RCB1",9.582,-85.101,TRUE
"86164","Canis latrans","RCB1",9.582,-85.101,TRUE
"86165","Canis latrans","RCB1",9.582,-85.101,TRUE
"86166","Canis latrans","RCB1",9.582,-85.101,TRUE
"89047","Canis latrans","RCB1",9.582,-85.101,TRUE
"89048","Canis latrans","RCB1",9.582,-85.101,TRUE
"89049","Canis latrans","RCB1",9.582,-85.101,TRUE
"89050","Canis latrans","RCB1",9.582,-85.101,TRUE
"89051","Canis latrans","RCB1",9.582,-85.101,TRUE
"89052","Canis latrans","RCB1",9.582,-85.101,TRUE
"89053","Canis latrans","RCB1",9.582,-85.101,TRUE
"89054","Canis latrans","RCB1",9.582,-85.101,TRUE
"89055","Canis latrans","RCB1",9.582,-85.101,TRUE
"89056","Canis latrans","RCB1",9.582,-85.101,TRUE
"89057","Canis latrans","RCB1",9.582,-85.101,TRUE
"89058","Canis latrans","RCB1",9.582,-85.101,TRUE
"89059","Canis latrans","RCB1",9.582,-85.101,TRUE
"89060","Canis latrans","RCB1",9.582,-85.101,TRUE
"89061","Canis latrans","RCB1",9.582,-85.101,TRUE
"89062","Canis latrans","RCB1",9.582,-85.101,TRUE
"89079","Canis latrans","RCB1",9.582,-85.101,TRUE
"89080","Canis latrans","RCB1",9.582,-85.101,TRUE
"89081","Canis latrans","RCB1",9.582,-85.101,TRUE
"89082","Canis latrans","RCB1",9.582,-85.101,TRUE
"89083","Canis latrans","RCB1",9.582,-85.101,TRUE
"89084","Canis latrans","RCB1",9.582,-85.101,TRUE
"89085","Canis latrans","RCB1",9.582,-85.101,TRUE
"89086","Canis latrans","RCB1",9.582,-85.101,TRUE
"89087","Canis latrans","RCB1",9.582,-85.101,TRUE
"89088","Canis latrans","RCB1",9.582,-85.101,TRUE
"89089","Canis latrans","RCB1",9.582,-85.101,TRUE
"89090","Canis latrans","RCB1",9.582,-85.101,TRUE
"89091","Canis latrans","RCB1",9.582,-85.101,TRUE
"89092","Canis latrans","RCB1",9.582,-85.101,TRUE
"89093","Canis latrans","RCB1",9.582,-85.101,TRUE
"89094","Canis latrans","RCB1",9.582,-85.101,TRUE
"89095","Canis latrans","RCB1",9.582,-85.101,TRUE
"89096","Canis latrans","RCB1",9.582,-85.101,TRUE
"89097","Canis latrans","RCB1",9.582,-85.101,TRUE
"89098","Canis latrans","RCB1",9.582,-85.101,TRUE
"89099","Canis latrans","RCB1",9.582,-85.101,TRUE
"89100","Canis latrans","RCB1",9.582,-85.101,TRUE
"89101","Canis latrans","RCB1",9.582,-85.101,TRUE
"89102","Canis latrans","RCB1",9.582,-85.101,TRUE
"89143","Canis latrans","RCB1",9.582,-85.101,TRUE
"89144","Canis latrans","RCB1",9.582,-85.101,TRUE
"89145","Canis latrans","RCB1",9.582,-85.101,TRUE
"89146","Canis latrans","RCB1",9.582,-85.101,TRUE
"89147","Canis latrans","RCB1",9.582,-85.101,TRUE
"89148","Canis latrans","RCB1",9.582,-85.101,TRUE
"89149","Canis latrans","RCB1",9.582,-85.101,TRUE
"89150","Canis latrans","RCB1",9.582,-85.101,TRUE
"89215","Canis latrans","RCB1",9.582,-85.101,TRUE
"89216","Canis latrans","RCB1",9.582,-85.101,TRUE
"89217","Canis latrans","RCB1",9.582,-85.101,TRUE
"89218","Canis latrans","RCB1",9.582,-85.101,TRUE
"89219","Canis latrans","RCB1",9.582,-85.101,TRUE
"89220","Canis latrans","RCB1",9.582,-85.101,TRUE
"89221","Canis latrans","RCB1",9.582,-85.101,TRUE
"89222","Canis latrans","RCB1",9.582,-85.101,TRUE
"94847","Canis latrans","RCB1",9.582,-85.101,TRUE
"94848","Canis latrans","RCB1",9.582,-85.101,TRUE
"94849","Canis latrans","RCB1",9.582,-85.101,TRUE
"94850","Canis latrans","RCB1",9.582,-85.101,TRUE
"94851","Canis latrans","RCB1",9.582,-85.101,TRUE
"94852","Canis latrans","RCB1",9.582,-85.101,TRUE
"94853","Canis latrans","RCB1",9.582,-85.101,TRUE
"94854","Canis latrans","RCB1",9.582,-85.101,TRUE
"97807","Canis latrans","RCB1",9.582,-85.101,TRUE
"97808","Canis latrans","RCB1",9.582,-85.101,TRUE
"97809","Canis latrans","RCB1",9.582,-85.101,TRUE
"97810","Canis latrans","RCB1",9.582,-85.101,TRUE
"97811","Canis latrans","RCB1",9.582,-85.101,TRUE
"97812","Canis latrans","RCB1",9.582,-85.101,TRUE
"97813","Canis latrans","RCB1",9.582,-85.101,TRUE
"97814","Canis latrans","RCB1",9.582,-85.101,TRUE
"97815","Canis latrans","RCB1",9.582,-85.101,TRUE
"97816","Canis latrans","RCB1",9.582,-85.101,TRUE
"97817","Canis latrans","RCB1",9.582,-85.101,TRUE
"97818","Canis latrans","RCB1",9.582,-85.101,TRUE
"97819","Canis latrans","RCB1",9.582,-85.101,TRUE
"97820","Canis latrans","RCB1",9.582,-85.101,TRUE
"97821","Canis latrans","RCB1",9.582,-85.101,TRUE
"97822","Canis latrans","RCB1",9.582,-85.101,TRUE
"97823","Canis latrans","RCB1",9.582,-85.101,TRUE
"97824","Canis latrans","RCB1",9.582,-85.101,TRUE
"97825","Canis latrans","RCB1",9.582,-85.101,TRUE
"97826","Canis latrans","RCB1",9.582,-85.101,TRUE
"97827","Canis latrans","RCB1",9.582,-85.101,TRUE
"97828","Canis latrans","RCB1",9.582,-85.101,TRUE
"97829","Canis latrans","RCB1",9.582,-85.101,TRUE
"97830","Canis latrans","RCB1",9.582,-85.101,TRUE
"97831","Canis latrans","RCB1",9.582,-85.101,TRUE
"97832","Canis latrans","RCB1",9.582,-85.101,TRUE
"97833","Canis latrans","RCB1",9.582,-85.101,TRUE
"97834","Canis latrans","RCB1",9.582,-85.101,TRUE
"97835","Canis latrans","RCB1",9.582,-85.101,TRUE
"97836","Canis latrans","RCB1",9.582,-85.101,TRUE
"97837","Canis latrans","RCB1",9.582,-85.101,TRUE
"97838","Canis latrans","RCB1",9.582,-85.101,TRUE
"97839","Canis latrans","RCB1",9.582,-85.101,TRUE
"97840","Canis latrans","RCB1",9.582,-85.101,TRUE
"97841","Canis latrans","RCB1",9.582,-85.101,TRUE
"97842","Canis latrans","RCB1",9.582,-85.101,TRUE
"97843","Canis latrans","RCB1",9.582,-85.101,TRUE
"97844","Canis latrans","RCB1",9.582,-85.101,TRUE
"97845","Canis latrans","RCB1",9.582,-85.101,TRUE
"97846","Canis latrans","RCB1",9.582,-85.101,TRUE
"97847","Canis latrans","RCB1",9.582,-85.101,TRUE
"97848","Canis latrans","RCB1",9.582,-85.101,TRUE
"97849","Canis latrans","RCB1",9.582,-85.101,TRUE
"97850","Canis latrans","RCB1",9.582,-85.101,TRUE
"97851","Canis latrans","RCB1",9.582,-85.101,TRUE
"97852","Canis latrans","RCB1",9.582,-85.101,TRUE
"97853","Canis latrans","RCB1",9.582,-85.101,TRUE
"97854","Canis latrans","RCB1",9.582,-85.101,TRUE
"97855","Canis latrans","RCB1",9.582,-85.101,TRUE
"97856","Canis latrans","RCB1",9.582,-85.101,TRUE
"97857","Canis latrans","RCB1",9.582,-85.101,TRUE
"97858","Canis latrans","RCB1",9.582,-85.101,TRUE
"97859","Canis latrans","RCB1",9.582,-85.101,TRUE
"97860","Canis latrans","RCB1",9.582,-85.101,TRUE
"97861","Canis latrans","RCB1",9.582,-85.101,TRUE
"97862","Canis latrans","RCB1",9.582,-85.101,TRUE
"97871","Canis latrans","RCB1",9.582,-85.101,TRUE
"97872","Canis latrans","RCB1",9.582,-85.101,TRUE
"97873","Canis latrans","RCB1",9.582,-85.101,TRUE
"97874","Canis latrans","RCB1",9.582,-85.101,TRUE
"97875","Canis latrans","RCB1",9.582,-85.101,TRUE
"97876","Canis latrans","RCB1",9.582,-85.101,TRUE
"97877","Canis latrans","RCB1",9.582,-85.101,TRUE
"97878","Canis latrans","RCB1",9.582,-85.101,TRUE
"97879","Canis latrans","RCB1",9.582,-85.101,TRUE
"97880","Canis latrans","RCB1",9.582,-85.101,TRUE
"97881","Canis latrans","RCB1",9.582,-85.101,TRUE
"97882","Canis latrans","RCB1",9.582,-85.101,TRUE
"97883","Canis latrans","RCB1",9.582,-85.101,TRUE
"97884","Canis latrans","RCB1",9.582,-85.101,TRUE
"97885","Canis latrans","RCB1",9.582,-85.101,TRUE
"97886","Canis latrans","RCB1",9.582,-85.101,TRUE
"97887","Canis latrans","RCB1",9.582,-85.101,TRUE
"97888","Canis latrans","RCB1",9.582,-85.101,TRUE
"97889","Canis latrans","RCB1",9.582,-85.101,TRUE
"97890","Canis latrans","RCB1",9.582,-85.101,TRUE
"97891","Canis latrans","RCB1",9.582,-85.101,TRUE
"97892","Canis latrans","RCB1",9.582,-85.101,TRUE
"97893","Canis latrans","RCB1",9.582,-85.101,TRUE
"97894","Canis latrans","RCB1",9.582,-85.101,TRUE
"97903","Canis latrans","RCB1",9.582,-85.101,TRUE
"97904","Canis latrans","RCB1",9.582,-85.101,TRUE
"97905","Canis latrans","RCB1",9.582,-85.101,TRUE
"97906","Canis latrans","RCB1",9.582,-85.101,TRUE
"97907","Canis latrans","RCB1",9.582,-85.101,TRUE
"97908","Canis latrans","RCB1",9.582,-85.101,TRUE
"97909","Canis latrans","RCB1",9.582,-85.101,TRUE
"97910","Canis latrans","RCB1",9.582,-85.101,TRUE
"97911","Canis latrans","RCB1",9.582,-85.101,TRUE
"97912","Canis latrans","RCB1",9.582,-85.101,TRUE
"97913","Canis latrans","RCB1",9.582,-85.101,TRUE
"97914","Canis latrans","RCB1",9.582,-85.101,TRUE
"97915","Canis latrans","RCB1",9.582,-85.101,TRUE
"97916","Canis latrans","RCB1",9.582,-85.101,TRUE
"97917","Canis latrans","RCB1",9.582,-85.101,TRUE
"97918","Canis latrans","RCB1",9.582,-85.101,TRUE
"97919","Canis latrans","RCB1",9.582,-85.101,TRUE
"97920","Canis latrans","RCB1",9.582,-85.101,TRUE
"97921","Canis latrans","RCB1",9.582,-85.101,TRUE
"97922","Canis latrans","RCB1",9.582,-85.101,TRUE
"97923","Canis latrans","RCB1",9.582,-85.101,TRUE
"97924","Canis latrans","RCB1",9.582,-85.101,TRUE
"97925","Canis latrans","RCB1",9.582,-85.101,TRUE
"97926","Canis latrans","RCB1",9.582,-85.101,TRUE
"97967","Canis latrans","RCB1",9.582,-85.101,TRUE
"97968","Canis latrans","RCB1",9.582,-85.101,TRUE
"97969","Canis latrans","RCB1",9.582,-85.101,TRUE
"97970","Canis latrans","RCB1",9.582,-85.101,TRUE
"97971","Canis latrans","RCB1",9.582,-85.101,TRUE
"97972","Canis latrans","RCB1",9.582,-85.101,TRUE
"97973","Canis latrans","RCB1",9.582,-85.101,TRUE
"97974","Canis latrans","RCB1",9.582,-85.101,TRUE
"104079","Canis latrans","RCB1",9.582,-85.101,TRUE
"104080","Canis latrans","RCB1",9.582,-85.101,TRUE
"104081","Canis latrans","RCB1",9.582,-85.101,TRUE
"104082","Canis latrans","RCB1",9.582,-85.101,TRUE
"104083","Canis latrans","RCB1",9.582,-85.101,TRUE
"104084","Canis latrans","RCB1",9.582,-85.101,TRUE
"104085","Canis latrans","RCB1",9.582,-85.101,TRUE
"104086","Canis latrans","RCB1",9.582,-85.101,TRUE
"110399","Canis latrans","RCB1",9.582,-85.101,TRUE
"110410","Canis latrans","RCB1",9.582,-85.101,TRUE
"110457","Canis latrans","RCB1",9.582,-85.101,TRUE
"110472","Canis latrans","RCB1",9.582,-85.101,TRUE
"110474","Canis latrans","RCB1",9.582,-85.101,TRUE
"110496","Canis latrans","RCB1",9.582,-85.101,TRUE
"110500","Canis latrans","RCB1",9.582,-85.101,TRUE
"110544","Canis latrans","RCB1",9.582,-85.101,TRUE
"110580","Canis latrans","RCB1",9.582,-85.101,TRUE
"110594","Canis latrans","RCB1",9.582,-85.101,TRUE
"110598","Canis latrans","RCB1",9.582,-85.101,TRUE
"110615","Canis latrans","RCB1",9.582,-85.101,TRUE
"110781","Canis latrans","RCB1",9.582,-85.101,TRUE
"114298","Canis latrans","RCB3",9.5887,-85.0939,TRUE
"114299","Canis latrans","RCB3",9.5887,-85.0939,TRUE
"114300","Canis latrans","RCB3",9.5887,-85.0939,TRUE
"114301","Canis latrans","RCB3",9.5887,-85.0939,TRUE
"114302","Canis latrans","RCB3",9.5887,-85.0939,TRUE
"114303","Canis latrans","RCB3",9.5887,-85.0939,TRUE
"114304","Canis latrans","RCB3",9.5887,-85.0939,TRUE
"114305","Canis latrans","RCB3",9.5887,-85.0939,TRUE
"114306","Canis latrans","RCB3",9.5887,-85.0939,TRUE
"114307","Canis latrans","RCB3",9.5887,-85.0939,TRUE
"115098","Canis latrans","RCB3",9.5887,-85.0939,TRUE
"115099","Canis latrans","RCB3",9.5887,-85.0939,TRUE
"115100","Canis latrans","RCB3",9.5887,-85.0939,TRUE
"115101","Canis latrans","RCB3",9.5887,-85.0939,TRUE
"115102","Canis latrans","RCB3",9.5887,-85.0939,TRUE
"115103","Canis latrans","RCB3",9.5887,-85.0939,TRUE
"115104","Canis latrans","RCB3",9.5887,-85.0939,TRUE
"115105","Canis latrans","RCB3",9.5887,-85.0939,TRUE
"115106","Canis latrans","RCB3",9.5887,-85.0939,TRUE
"115107","Canis latrans","RCB3",9.5887,-85.0939,TRUE
"115698","Canis latrans","RCB3",9.5887,-85.0939,TRUE
"115699","Canis latrans","RCB3",9.5887,-85.0939,TRUE
"115700","Canis latrans","RCB3",9.5887,-85.0939,TRUE
"115701","Canis latrans","RCB3",9.5887,-85.0939,TRUE
"115702","Canis latrans","RCB3",9.5887,-85.0939,TRUE
"115703","Canis latrans","RCB3",9.5887,-85.0939,TRUE
"115704","Canis latrans","RCB3",9.5887,-85.0939,TRUE
"115705","Canis latrans","RCB3",9.5887,-85.0939,TRUE
"115706","Canis latrans","RCB3",9.5887,-85.0939,TRUE
"115707","Canis latrans","RCB3",9.5887,-85.0939,TRUE
"116318","Canis latrans","RCB3",9.5887,-85.0939,TRUE
"116319","Canis latrans","RCB3",9.5887,-85.0939,TRUE
"116320","Canis latrans","RCB3",9.5887,-85.0939,TRUE
"116321","Canis latrans","RCB3",9.5887,-85.0939,TRUE
"116322","Canis latrans","RCB3",9.5887,-85.0939,TRUE
"116323","Canis latrans","RCB3",9.5887,-85.0939,TRUE
"116324","Canis latrans","RCB3",9.5887,-85.0939,TRUE
"116325","Canis latrans","RCB3",9.5887,-85.0939,TRUE
"116326","Canis latrans","RCB3",9.5887,-85.0939,TRUE
"116327","Canis latrans","RCB3",9.5887,-85.0939,TRUE
"116328","Canis latrans","RCB3",9.5887,-85.0939,TRUE
"116329","Canis latrans","RCB3",9.5887,-85.0939,TRUE
"116330","Canis latrans","RCB3",9.5887,-85.0939,TRUE
"116331","Canis latrans","RCB3",9.5887,-85.0939,TRUE
"116332","Canis latrans","RCB3",9.5887,-85.0939,TRUE
"116333","Canis latrans","RCB3",9.5887,-85.0939,TRUE
"116334","Canis latrans","RCB3",9.5887,-85.0939,TRUE
"116335","Canis latrans","RCB3",9.5887,-85.0939,TRUE
"116336","Canis latrans","RCB3",9.5887,-85.0939,TRUE
"116337","Canis latrans","RCB3",9.5887,-85.0939,TRUE
"116348","Canis latrans","RCB3",9.5887,-85.0939,TRUE
"116349","Canis latrans","RCB3",9.5887,-85.0939,TRUE
"116350","Canis latrans","RCB3",9.5887,-85.0939,TRUE
"116351","Canis latrans","RCB3",9.5887,-85.0939,TRUE
"116352","Canis latrans","RCB3",9.5887,-85.0939,TRUE
"116353","Canis latrans","RCB3",9.5887,-85.0939,TRUE
"116354","Canis latrans","RCB3",9.5887,-85.0939,TRUE
"116355","Canis latrans","RCB3",9.5887,-85.0939,TRUE
"116356","Canis latrans","RCB3",9.5887,-85.0939,TRUE
"116357","Canis latrans","RCB3",9.5887,-85.0939,TRUE
"117538","Canis latrans","RCB3",9.5887,-85.0939,TRUE
"117539","Canis latrans","RCB3",9.5887,-85.0939,TRUE
"117540","Canis latrans","RCB3",9.5887,-85.0939,TRUE
"117541","Canis latrans","RCB3",9.5887,-85.0939,TRUE
"117542","Canis latrans","RCB3",9.5887,-85.0939,TRUE
"117543","Canis latrans","RCB3",9.5887,-85.0939,TRUE
"117544","Canis latrans","RCB3",9.5887,-85.0939,TRUE
"117545","Canis latrans","RCB3",9.5887,-85.0939,TRUE
"117546","Canis latrans","RCB3",9.5887,-85.0939,TRUE
"117547","Canis latrans","RCB3",9.5887,-85.0939,TRUE
"118448","Canis latrans","RCB3",9.5887,-85.0939,TRUE
"118449","Canis latrans","RCB3",9.5887,-85.0939,TRUE
"118450","Canis latrans","RCB3",9.5887,-85.0939,TRUE
"118451","Canis latrans","RCB3",9.5887,-85.0939,TRUE
"118452","Canis latrans","RCB3",9.5887,-85.0939,TRUE
"118453","Canis latrans","RCB3",9.5887,-85.0939,TRUE
"118454","Canis latrans","RCB3",9.5887,-85.0939,TRUE
"118455","Canis latrans","RCB3",9.5887,-85.0939,TRUE
"118456","Canis latrans","RCB3",9.5887,-85.0939,TRUE
"118457","Canis latrans","RCB3",9.5887,-85.0939,TRUE
"118728","Canis latrans","RCB3",9.5887,-85.0939,TRUE
"118729","Canis latrans","RCB3",9.5887,-85.0939,TRUE
"118730","Canis latrans","RCB3",9.5887,-85.0939,TRUE
"118731","Canis latrans","RCB3",9.5887,-85.0939,TRUE
"118732","Canis latrans","RCB3",9.5887,-85.0939,TRUE
"118733","Canis latrans","RCB3",9.5887,-85.0939,TRUE
"118734","Canis latrans","RCB3",9.5887,-85.0939,TRUE
"118735","Canis latrans","RCB3",9.5887,-85.0939,TRUE
"118736","Canis latrans","RCB3",9.5887,-85.0939,TRUE
"118737","Canis latrans","RCB3",9.5887,-85.0939,TRUE
"121098","Canis latrans","RCB3",9.5887,-85.0939,TRUE
"121099","Canis latrans","RCB3",9.5887,-85.0939,TRUE
"121100","Canis latrans","RCB3",9.5887,-85.0939,TRUE
"121101","Canis latrans","RCB3",9.5887,-85.0939,TRUE
"121102","Canis latrans","RCB3",9.5887,-85.0939,TRUE
"121103","Canis latrans","RCB3",9.5887,-85.0939,TRUE
"121104","Canis latrans","RCB3",9.5887,-85.0939,TRUE
"121105","Canis latrans","RCB3",9.5887,-85.0939,TRUE
"121106","Canis latrans","RCB3",9.5887,-85.0939,TRUE
"121107","Canis latrans","RCB3",9.5887,-85.0939,TRUE
"122088","Canis latrans","RCB3",9.5887,-85.0939,TRUE
"122089","Canis latrans","RCB3",9.5887,-85.0939,TRUE
"122090","Canis latrans","RCB3",9.5887,-85.0939,TRUE
"122091","Canis latrans","RCB3",9.5887,-85.0939,TRUE
"122092","Canis latrans","RCB3",9.5887,-85.0939,TRUE
"122093","Canis latrans","RCB3",9.5887,-85.0939,TRUE
"122094","Canis latrans","RCB3",9.5887,-85.0939,TRUE
"122095","Canis latrans","RCB3",9.5887,-85.0939,TRUE
"122096","Canis latrans","RCB3",9.5887,-85.0939,TRUE
"122097","Canis latrans","RCB3",9.5887,-85.0939,TRUE
"122938","Canis latrans","RCB3",9.5887,-85.0939,TRUE
"122939","Canis latrans","RCB3",9.5887,-85.0939,TRUE
"122940","Canis latrans","RCB3",9.5887,-85.0939,TRUE
"122941","Canis latrans","RCB3",9.5887,-85.0939,TRUE
"122942","Canis latrans","RCB3",9.5887,-85.0939,TRUE
"122943","Canis latrans","RCB3",9.5887,-85.0939,TRUE
"122944","Canis latrans","RCB3",9.5887,-85.0939,TRUE
"122945","Canis latrans","RCB3",9.5887,-85.0939,TRUE
"122946","Canis latrans","RCB3",9.5887,-85.0939,TRUE
"122947","Canis latrans","RCB3",9.5887,-85.0939,TRUE
"124308","Canis latrans","RCB3",9.5887,-85.0939,TRUE
"124309","Canis latrans","RCB3",9.5887,-85.0939,TRUE
"124310","Canis latrans","RCB3",9.5887,-85.0939,TRUE
"124311","Canis latrans","RCB3",9.5887,-85.0939,TRUE
"124312","Canis latrans","RCB3",9.5887,-85.0939,TRUE
"124313","Canis latrans","RCB3",9.5887,-85.0939,TRUE
"124314","Canis latrans","RCB3",9.5887,-85.0939,TRUE
"124315","Canis latrans","RCB3",9.5887,-85.0939,TRUE
"124316","Canis latrans","RCB3",9.5887,-85.0939,TRUE
"124317","Canis latrans","RCB3",9.5887,-85.0939,TRUE
"124708","Canis latrans","RCB3",9.5887,-85.0939,TRUE
"124709","Canis latrans","RCB3",9.5887,-85.0939,TRUE
"124710","Canis latrans","RCB3",9.5887,-85.0939,TRUE
"124711","Canis latrans","RCB3",9.5887,-85.0939,TRUE
"124712","Canis latrans","RCB3",9.5887,-85.0939,TRUE
"124713","Canis latrans","RCB3",9.5887,-85.0939,TRUE
"124714","Canis latrans","RCB3",9.5887,-85.0939,TRUE
"124715","Canis latrans","RCB3",9.5887,-85.0939,TRUE
"124716","Canis latrans","RCB3",9.5887,-85.0939,TRUE
"124717","Canis latrans","RCB3",9.5887,-85.0939,TRUE
"125508","Canis latrans","RCB3",9.5887,-85.0939,TRUE
"125509","Canis latrans","RCB3",9.5887,-85.0939,TRUE
"125510","Canis latrans","RCB3",9.5887,-85.0939,TRUE
"125511","Canis latrans","RCB3",9.5887,-85.0939,TRUE
"125512","Canis latrans","RCB3",9.5887,-85.0939,TRUE
"125513","Canis latrans","RCB3",9.5887,-85.0939,TRUE
"125514","Canis latrans","RCB3",9.5887,-85.0939,TRUE
"125515","Canis latrans","RCB3",9.5887,-85.0939,TRUE
"125516","Canis latrans","RCB3",9.5887,-85.0939,TRUE
"125517","Canis latrans","RCB3",9.5887,-85.0939,TRUE
"125898","Canis latrans","RCB3",9.5887,-85.0939,TRUE
"125899","Canis latrans","RCB3",9.5887,-85.0939,TRUE
"125900","Canis latrans","RCB3",9.5887,-85.0939,TRUE
"125901","Canis latrans","RCB3",9.5887,-85.0939,TRUE
"125902","Canis latrans","RCB3",9.5887,-85.0939,TRUE
"125903","Canis latrans","RCB3",9.5887,-85.0939,TRUE
"125904","Canis latrans","RCB3",9.5887,-85.0939,TRUE
"125905","Canis latrans","RCB3",9.5887,-85.0939,TRUE
"125906","Canis latrans","RCB3",9.5887,-85.0939,TRUE
"125907","Canis latrans","RCB3",9.5887,-85.0939,TRUE
"126588","Canis latrans","RCB3",9.5887,-85.0939,TRUE
"126589","Canis latrans","RCB3",9.5887,-85.0939,TRUE
"126590","Canis latrans","RCB3",9.5887,-85.0939,TRUE
"126591","Canis latrans","RCB3",9.5887,-85.0939,TRUE
"126592","Canis latrans","RCB3",9.5887,-85.0939,TRUE
"126593","Canis latrans","RCB3",9.5887,-85.0939,TRUE
"126594","Canis latrans","RCB3",9.5887,-85.0939,TRUE
"126595","Canis latrans","RCB3",9.5887,-85.0939,TRUE
"126596","Canis latrans","RCB3",9.5887,-85.0939,TRUE
"126597","Canis latrans","RCB3",9.5887,-85.0939,TRUE
"126698","Canis latrans","RCB3",9.5887,-85.0939,TRUE
"126699","Canis latrans","RCB3",9.5887,-85.0939,TRUE
"126700","Canis latrans","RCB3",9.5887,-85.0939,TRUE
"126701","Canis latrans","RCB3",9.5887,-85.0939,TRUE
"126702","Canis latrans","RCB3",9.5887,-85.0939,TRUE
"126703","Canis latrans","RCB3",9.5887,-85.0939,TRUE
"126704","Canis latrans","RCB3",9.5887,-85.0939,TRUE
"126705","Canis latrans","RCB3",9.5887,-85.0939,TRUE
"126706","Canis latrans","RCB3",9.5887,-85.0939,TRUE
"126707","Canis latrans","RCB3",9.5887,-85.0939,TRUE
"130558","Canis latrans","RCB3",9.5887,-85.0939,TRUE
"130559","Canis latrans","RCB3",9.5887,-85.0939,TRUE
"130560","Canis latrans","RCB3",9.5887,-85.0939,TRUE
"130561","Canis latrans","RCB3",9.5887,-85.0939,TRUE
"130562","Canis latrans","RCB3",9.5887,-85.0939,TRUE
"130563","Canis latrans","RCB3",9.5887,-85.0939,TRUE
"130564","Canis latrans","RCB3",9.5887,-85.0939,TRUE
"130565","Canis latrans","RCB3",9.5887,-85.0939,TRUE
"130566","Canis latrans","RCB3",9.5887,-85.0939,TRUE
"130567","Canis latrans","RCB3",9.5887,-85.0939,TRUE
"130888","Canis latrans","RCB3",9.5887,-85.0939,TRUE
"130889","Canis latrans","RCB3",9.5887,-85.0939,TRUE
"130890","Canis latrans","RCB3",9.5887,-85.0939,TRUE
"130891","Canis latrans","RCB3",9.5887,-85.0939,TRUE
"130892","Canis latrans","RCB3",9.5887,-85.0939,TRUE
"130893","Canis latrans","RCB3",9.5887,-85.0939,TRUE
"130894","Canis latrans","RCB3",9.5887,-85.0939,TRUE
"130895","Canis latrans","RCB3",9.5887,-85.0939,TRUE
"130896","Canis latrans","RCB3",9.5887,-85.0939,TRUE
"130897","Canis latrans","RCB3",9.5887,-85.0939,TRUE
"132384","Canis latrans","RCB3",9.5887,-85.0939,TRUE
"132425","Canis latrans","RCB3",9.5887,-85.0939,TRUE
"132426","Canis latrans","RCB3",9.5887,-85.0939,TRUE
"132451","Canis latrans","RCB3",9.5887,-85.0939,TRUE
"132493","Canis latrans","RCB3",9.5887,-85.0939,TRUE
"132517","Canis latrans","RCB3",9.5887,-85.0939,TRUE
"132598","Canis latrans","RCB3",9.5887,-85.0939,TRUE
"132667","Canis latrans","RCB3",9.5887,-85.0939,TRUE
"132754","Canis latrans","RCB3",9.5887,-85.0939,TRUE
"151166","Canis latrans","RCB6",9.5897,-85.1101,TRUE
