"","north.Species","north.Camr_Nm","north.Latitud","north.Longitd","na.rm"
"16","Leopardus pardalis","4",9.5502,-83.791,TRUE
"18","Leopardus pardalis","4",9.5502,-83.791,TRUE
"19","Leopardus pardalis","4",9.5502,-83.791,TRUE
"39","Leopardus pardalis","4",9.5502,-83.791,TRUE
"45","Leopardus pardalis","4",9.5502,-83.791,TRUE
"49","Leopardus pardalis","4",9.5502,-83.791,TRUE
"59","Leopardus pardalis","4",9.5502,-83.791,TRUE
"71","Leopardus pardalis","4",9.5502,-83.791,TRUE
"85","Leopardus pardalis","4",9.5502,-83.791,TRUE
"89","Leopardus pardalis","4",9.5502,-83.791,TRUE
"97","Leopardus pardalis","4",9.5502,-83.791,TRUE
"113","Leopardus pardalis","4",9.5502,-83.791,TRUE
"128","Leopardus pardalis","4",9.5501,-83.7908,TRUE
"138","Leopardus pardalis","4",9.5501,-83.7908,TRUE
"140","Leopardus pardalis","4",9.5501,-83.7908,TRUE
"177","Leopardus pardalis","4",9.5501,-83.7908,TRUE
"255","Leopardus pardalis","4",9.5501,-83.7908,TRUE
"261","Leopardus pardalis","4",9.5501,-83.7908,TRUE
"626","Leopardus pardalis","4",9.5502,-83.791,TRUE
"649","Leopardus pardalis","4",9.5502,-83.791,TRUE
"651","Leopardus pardalis","4",9.5502,-83.791,TRUE
"653","Leopardus pardalis","4",9.5502,-83.791,TRUE
"665","Leopardus pardalis","4",9.5502,-83.791,TRUE
"2494","Leopardus pardalis","10",9.5514,-83.7927,TRUE
"2503","Leopardus pardalis","10",9.5514,-83.7927,TRUE
"2511","Leopardus pardalis","10",9.5514,-83.7927,TRUE
"2935","Leopardus pardalis",NA,9.5633,-83.7839,TRUE
"2936","Leopardus pardalis",NA,9.5633,-83.7839,TRUE
"3657","Leopardus pardalis","18",9.5514,-83.7927,TRUE
"3666","Leopardus pardalis","18",9.5514,-83.7927,TRUE
"3960","Leopardus pardalis","19",9.5413,-83.7977,TRUE
"4011","Leopardus pardalis","19",9.5413,-83.7977,TRUE
"4038","Leopardus pardalis","19",9.5413,-83.7977,TRUE
"4056","Leopardus pardalis","19",9.5413,-83.7977,TRUE
"4059","Leopardus pardalis","19",9.5413,-83.7977,TRUE
"4061","Leopardus pardalis","19",9.5413,-83.7977,TRUE
"4148","Leopardus pardalis","Torres19",9.552,-83.782,TRUE
"4151","Leopardus pardalis","Torres19",9.552,-83.782,TRUE
"4268","Leopardus pardalis","19",9.5412,-83.7977,TRUE
"4269","Leopardus pardalis","19",9.5412,-83.7977,TRUE
"4299","Leopardus pardalis","Man2",9.5512,-83.791,TRUE
"4302","Leopardus pardalis","Man2",9.5512,-83.791,TRUE
"6591","Leopardus pardalis","Man2",9.5512,-83.791,TRUE
"6596","Leopardus pardalis","Man2",9.5512,-83.791,TRUE
"14733","Leopardus pardalis","EC301-302",9.7804,-83.7546,TRUE
"14735","Leopardus pardalis","EC301-302",9.7804,-83.7546,TRUE
"14743","Leopardus pardalis","EC301-302",9.7804,-83.7546,TRUE
"14745","Leopardus pardalis","EC301-302",9.7804,-83.7546,TRUE
"14749","Leopardus pardalis","EC301-302",9.7804,-83.7546,TRUE
"14759","Leopardus pardalis","EC301-302",9.7804,-83.7546,TRUE
"14762","Leopardus pardalis","EC301-302",9.7804,-83.7546,TRUE
"14763","Leopardus pardalis","EC301-302",9.7804,-83.7546,TRUE
"14767","Leopardus pardalis","EC301-302",9.7804,-83.7546,TRUE
"14772","Leopardus pardalis","EC301-302",9.7804,-83.7546,TRUE
"14775","Leopardus pardalis","EC301-302",9.7804,-83.7546,TRUE
"14778","Leopardus pardalis","EC301-302",9.7804,-83.7546,TRUE
"14785","Leopardus pardalis","EC301-302",9.7804,-83.7546,TRUE
"14786","Leopardus pardalis","EC301-302",9.7804,-83.7546,TRUE
"14789","Leopardus pardalis","EC301-302",9.7804,-83.7546,TRUE
"14790","Leopardus pardalis","EC301-302",9.7804,-83.7546,TRUE
"14803","Leopardus pardalis","EC301-302",9.7804,-83.7546,TRUE
"14804","Leopardus pardalis","EC301-302",9.7804,-83.7546,TRUE
"14805","Leopardus pardalis","EC301-302",9.7804,-83.7546,TRUE
"14806","Leopardus pardalis","EC301-302",9.7804,-83.7546,TRUE
"14813","Leopardus pardalis","EC301-302",9.7804,-83.7546,TRUE
"14821","Leopardus pardalis","EC301-302",9.7804,-83.7546,TRUE
"14824","Leopardus pardalis","EC301-302",9.7804,-83.7546,TRUE
"14846","Leopardus pardalis","EC301-302",9.7804,-83.7546,TRUE
"14857","Leopardus pardalis","EC301-302",9.7804,-83.7546,TRUE
"14867","Leopardus pardalis","EC301-302",9.7804,-83.7546,TRUE
"14872","Leopardus pardalis","EC301-302",9.7804,-83.7546,TRUE
"14875","Leopardus pardalis","EC301-302",9.7804,-83.7546,TRUE
"14882","Leopardus pardalis","EC301-302",9.7804,-83.7546,TRUE
"14884","Leopardus pardalis","EC301-302",9.7804,-83.7546,TRUE
"14887","Leopardus pardalis","EC301-302",9.7804,-83.7546,TRUE
"14890","Leopardus pardalis","EC301-302",9.7804,-83.7546,TRUE
"14905","Leopardus pardalis","EC301-302",9.7804,-83.7546,TRUE
"14906","Leopardus pardalis","EC301-302",9.7804,-83.7546,TRUE
"14908","Leopardus pardalis","EC301-302",9.7804,-83.7546,TRUE
"14917","Leopardus pardalis","EC301-302",9.7804,-83.7546,TRUE
"14923","Leopardus pardalis","EC301-302",9.7804,-83.7546,TRUE
"14930","Leopardus pardalis","EC301-302",9.7804,-83.7546,TRUE
"14932","Leopardus pardalis","EC301-302",9.7804,-83.7546,TRUE
"14941","Leopardus pardalis","EC301-302",9.7804,-83.7546,TRUE
"14960","Leopardus pardalis","EC301-302",9.7804,-83.7546,TRUE
"14964","Leopardus pardalis","EC301-302",9.7804,-83.7546,TRUE
"14969","Leopardus pardalis","EC301-302",9.7804,-83.7546,TRUE
"14974","Leopardus pardalis","EC301-302",9.7804,-83.7546,TRUE
"14975","Leopardus pardalis","EC301-302",9.7804,-83.7546,TRUE
"14980","Leopardus pardalis","EC301-302",9.7804,-83.7546,TRUE
"14981","Leopardus pardalis","EC301-302",9.7804,-83.7546,TRUE
"14987","Leopardus pardalis","EC301-302",9.7804,-83.7546,TRUE
"14997","Leopardus pardalis","EC301-302",9.7804,-83.7546,TRUE
"15007","Leopardus pardalis","EC301-302",9.7804,-83.7546,TRUE
"15008","Leopardus pardalis","EC301-302",9.7804,-83.7546,TRUE
"15011","Leopardus pardalis","EC301-302",9.7804,-83.7546,TRUE
"15014","Leopardus pardalis","EC301-302",9.7804,-83.7546,TRUE
"15016","Leopardus pardalis","EC301-302",9.7804,-83.7546,TRUE
"15017","Leopardus pardalis","EC301-302",9.7804,-83.7546,TRUE
"15026","Leopardus pardalis","EC301-302",9.7804,-83.7546,TRUE
"15030","Leopardus pardalis","EC301-302",9.7804,-83.7546,TRUE
"15035","Leopardus pardalis","EC301-302",9.7804,-83.7546,TRUE
"15037","Leopardus pardalis","EC301-302",9.7804,-83.7546,TRUE
"15051","Leopardus pardalis","EC301-302",9.7804,-83.7546,TRUE
"15053","Leopardus pardalis","EC301-302",9.7804,-83.7546,TRUE
"15067","Leopardus pardalis","EC301-302",9.7804,-83.7546,TRUE
"15069","Leopardus pardalis","EC301-302",9.7804,-83.7546,TRUE
"15079","Leopardus pardalis","EC301-302",9.7804,-83.7546,TRUE
"15081","Leopardus pardalis","EC301-302",9.7804,-83.7546,TRUE
"15088","Leopardus pardalis","EC301-302",9.7804,-83.7546,TRUE
"15093","Leopardus pardalis","EC301-302",9.7804,-83.7546,TRUE
"15094","Leopardus pardalis","EC301-302",9.7804,-83.7546,TRUE
"15102","Leopardus pardalis","EC301-302",9.7804,-83.7546,TRUE
"15107","Leopardus pardalis","EC301-302",9.7804,-83.7546,TRUE
"15109","Leopardus pardalis","EC301-302",9.7804,-83.7546,TRUE
"15111","Leopardus pardalis","EC301-302",9.7804,-83.7546,TRUE
"15117","Leopardus pardalis","EC301-302",9.7804,-83.7546,TRUE
"15118","Leopardus pardalis","EC301-302",9.7804,-83.7546,TRUE
"15127","Leopardus pardalis","EC301-302",9.7804,-83.7546,TRUE
"15132","Leopardus pardalis","EC301-302",9.7804,-83.7546,TRUE
"15135","Leopardus pardalis","EC301-302",9.7804,-83.7546,TRUE
"15136","Leopardus pardalis","EC301-302",9.7804,-83.7546,TRUE
"15145","Leopardus pardalis","EC301-302",9.7804,-83.7546,TRUE
"15151","Leopardus pardalis","EC301-302",9.7804,-83.7546,TRUE
"15155","Leopardus pardalis","EC301-302",9.7804,-83.7546,TRUE
"15172","Leopardus pardalis","EC301-302",9.7804,-83.7546,TRUE
"17512","Leopardus pardalis","2",9.5514,-83.7927,TRUE
"17521","Leopardus pardalis","2",9.5514,-83.7927,TRUE
"17536","Leopardus pardalis","2",9.5514,-83.7927,TRUE
"17538","Leopardus pardalis","2",9.5514,-83.7927,TRUE
"17547","Leopardus pardalis","2",9.5514,-83.7927,TRUE
"17549","Leopardus pardalis","2",9.5514,-83.7927,TRUE
"21368","Leopardus pardalis","1",9.5516,-83.7976,TRUE
"21372","Leopardus pardalis","1",9.5516,-83.7976,TRUE
"21373","Leopardus pardalis","1",9.5516,-83.7976,TRUE
"21374","Leopardus pardalis","1",9.5516,-83.7976,TRUE
"21379","Leopardus pardalis","1",9.5516,-83.7976,TRUE
"41793","Leopardus pardalis","5",9.5488,-83.7915,TRUE
"48870","Leopardus pardalis","5R",9.5516,-83.7976,TRUE
"48894","Leopardus pardalis","5R",9.5516,-83.7976,TRUE
"48921","Leopardus pardalis","5R",9.5516,-83.7976,TRUE
"48950","Leopardus pardalis","5R",9.5516,-83.7976,TRUE
"48976","Leopardus pardalis","5R",9.5516,-83.7976,TRUE
"48992","Leopardus pardalis","5R",9.5516,-83.7976,TRUE
"49445","Leopardus pardalis","1",9.5515,-83.7974,TRUE
"49494","Leopardus pardalis","1",9.5515,-83.7974,TRUE
"49497","Leopardus pardalis","1",9.5515,-83.7974,TRUE
"49569","Leopardus pardalis","1",9.5515,-83.7974,TRUE
"49570","Leopardus pardalis","1",9.5515,-83.7974,TRUE
"49579","Leopardus pardalis","1",9.5515,-83.7974,TRUE
"50129","Leopardus pardalis","1",9.5516,-83.7976,TRUE
"50178","Leopardus pardalis","1",9.5516,-83.7976,TRUE
"50183","Leopardus pardalis","1",9.5516,-83.7976,TRUE
"50196","Leopardus pardalis","1",9.5516,-83.7976,TRUE
"52864","Leopardus pardalis","1",9.5515,-83.7974,TRUE
"52875","Leopardus pardalis","1",9.5515,-83.7974,TRUE
"52879","Leopardus pardalis","1",9.5515,-83.7974,TRUE
"52884","Leopardus pardalis","1",9.5515,-83.7974,TRUE
"52887","Leopardus pardalis","1",9.5515,-83.7974,TRUE
"52889","Leopardus pardalis","1",9.5515,-83.7974,TRUE
"53260","Leopardus pardalis","6",9.5453,-83.7956,TRUE
"56551","Leopardus pardalis","6",9.5444,-83.7956,TRUE
"56552","Leopardus pardalis","6",9.5444,-83.7956,TRUE
"56563","Leopardus pardalis","6",9.5444,-83.7956,TRUE
"56757","Leopardus pardalis","8R",9.5486,-83.7915,TRUE
"56775","Leopardus pardalis","8R",9.5486,-83.7915,TRUE
"56798","Leopardus pardalis","8R",9.5486,-83.7915,TRUE
"56812","Leopardus pardalis","8R",9.5486,-83.7915,TRUE
"56838","Leopardus pardalis","8R",9.5486,-83.7915,TRUE
"56840","Leopardus pardalis","8R",9.5486,-83.7915,TRUE
"56843","Leopardus pardalis","8R",9.5486,-83.7915,TRUE
"56878","Leopardus pardalis","8R",9.5486,-83.7915,TRUE
"56881","Leopardus pardalis","8R",9.5486,-83.7915,TRUE
"56907","Leopardus pardalis","8R",9.5486,-83.7915,TRUE
"56935","Leopardus pardalis","8R",9.5486,-83.7915,TRUE
"56955","Leopardus pardalis","8R",9.5486,-83.7915,TRUE
"56956","Leopardus pardalis","8R",9.5486,-83.7915,TRUE
"56957","Leopardus pardalis","8R",9.5486,-83.7915,TRUE
"56967","Leopardus pardalis","8R",9.5486,-83.7915,TRUE
"56976","Leopardus pardalis","8R",9.5486,-83.7915,TRUE
"56997","Leopardus pardalis","8R",9.5486,-83.7915,TRUE
"57004","Leopardus pardalis","8R",9.5486,-83.7915,TRUE
"57027","Leopardus pardalis","8R",9.5486,-83.7915,TRUE
"57185","Leopardus pardalis","8R",9.5486,-83.7916,TRUE
"57186","Leopardus pardalis","8R",9.5486,-83.7916,TRUE
"58280","Leopardus pardalis","EC13-14",9.7826,-83.7554,TRUE
"58288","Leopardus pardalis","EC13-14",9.7826,-83.7554,TRUE
"58295","Leopardus pardalis","EC13-14",9.7826,-83.7554,TRUE
"58299","Leopardus pardalis","EC13-14",9.7826,-83.7554,TRUE
"58307","Leopardus pardalis","EC13-14",9.7826,-83.7554,TRUE
"58312","Leopardus pardalis","EC13-14",9.7826,-83.7554,TRUE
"58326","Leopardus pardalis","EC13-14",9.7826,-83.7554,TRUE
"58361","Leopardus pardalis","EC13-14",9.7826,-83.7554,TRUE
"58364","Leopardus pardalis","EC13-14",9.7826,-83.7554,TRUE
"58366","Leopardus pardalis","EC13-14",9.7826,-83.7554,TRUE
"58367","Leopardus pardalis","EC13-14",9.7826,-83.7554,TRUE
"58379","Leopardus pardalis","EC13-14",9.7826,-83.7554,TRUE
"58387","Leopardus pardalis","EC13-14",9.7826,-83.7554,TRUE
"58392","Leopardus pardalis","EC13-14",9.7826,-83.7554,TRUE
"58397","Leopardus pardalis","EC13-14",9.7826,-83.7554,TRUE
"58413","Leopardus pardalis","EC13-14",9.7826,-83.7554,TRUE
"58417","Leopardus pardalis","EC13-14",9.7826,-83.7554,TRUE
"58419","Leopardus pardalis","EC13-14",9.7826,-83.7554,TRUE
"58422","Leopardus pardalis","EC13-14",9.7826,-83.7554,TRUE
"58424","Leopardus pardalis","EC13-14",9.7826,-83.7554,TRUE
"58439","Leopardus pardalis","EC13-14",9.7826,-83.7554,TRUE
"58442","Leopardus pardalis","EC13-14",9.7826,-83.7554,TRUE
"58451","Leopardus pardalis","EC13-14",9.7826,-83.7554,TRUE
"58458","Leopardus pardalis","EC13-14",9.7826,-83.7554,TRUE
"58469","Leopardus pardalis","EC13-14",9.7826,-83.7554,TRUE
"58509","Leopardus pardalis","EC13-14",9.7826,-83.7554,TRUE
"58527","Leopardus pardalis","EC13-14",9.7826,-83.7554,TRUE
"58534","Leopardus pardalis","EC13-14",9.7826,-83.7554,TRUE
"58559","Leopardus pardalis","EC301-302",9.7804,-83.7546,TRUE
"58567","Leopardus pardalis","EC301-302",9.7804,-83.7546,TRUE
"58568","Leopardus pardalis","EC301-302",9.7804,-83.7546,TRUE
"58569","Leopardus pardalis","EC301-302",9.7804,-83.7546,TRUE
"58571","Leopardus pardalis","EC301-302",9.7804,-83.7546,TRUE
"58572","Leopardus pardalis","EC301-302",9.7804,-83.7546,TRUE
"58574","Leopardus pardalis","EC301-302",9.7804,-83.7546,TRUE
"58578","Leopardus pardalis","EC301-302",9.7804,-83.7546,TRUE
"58580","Leopardus pardalis","EC301-302",9.7804,-83.7546,TRUE
"58581","Leopardus pardalis","EC301-302",9.7804,-83.7546,TRUE
"58584","Leopardus pardalis","EC301-302",9.7804,-83.7546,TRUE
"58590","Leopardus pardalis","EC301-302",9.7804,-83.7546,TRUE
"58593","Leopardus pardalis","EC301-302",9.7804,-83.7546,TRUE
"58596","Leopardus pardalis","EC301-302",9.7804,-83.7546,TRUE
"58597","Leopardus pardalis","EC301-302",9.7804,-83.7546,TRUE
"58601","Leopardus pardalis","EC301-302",9.7804,-83.7546,TRUE
"58602","Leopardus pardalis","EC301-302",9.7804,-83.7546,TRUE
"58603","Leopardus pardalis","EC301-302",9.7804,-83.7546,TRUE
"58605","Leopardus pardalis","EC301-302",9.7804,-83.7546,TRUE
"58608","Leopardus pardalis","EC301-302",9.7804,-83.7546,TRUE
"58609","Leopardus pardalis","EC301-302",9.7804,-83.7546,TRUE
"58610","Leopardus pardalis","EC301-302",9.7804,-83.7546,TRUE
"58611","Leopardus pardalis","EC301-302",9.7804,-83.7546,TRUE
"58614","Leopardus pardalis","EC301-302",9.7804,-83.7546,TRUE
"58615","Leopardus pardalis","EC301-302",9.7804,-83.7546,TRUE
"58617","Leopardus pardalis","EC301-302",9.7804,-83.7546,TRUE
"58620","Leopardus pardalis","EC301-302",9.7804,-83.7546,TRUE
"58622","Leopardus pardalis","EC301-302",9.7804,-83.7546,TRUE
"58624","Leopardus pardalis","EC301-302",9.7804,-83.7546,TRUE
"58625","Leopardus pardalis","EC301-302",9.7804,-83.7546,TRUE
"58631","Leopardus pardalis","EC301-302",9.7804,-83.7546,TRUE
"58632","Leopardus pardalis","EC301-302",9.7804,-83.7546,TRUE
"58636","Leopardus pardalis","EC301-302",9.7804,-83.7546,TRUE
"58637","Leopardus pardalis","EC301-302",9.7804,-83.7546,TRUE
"58652","Leopardus pardalis","EC301-302",9.7804,-83.7546,TRUE
"58653","Leopardus pardalis","EC301-302",9.7804,-83.7546,TRUE
"58655","Leopardus pardalis","EC301-302",9.7804,-83.7546,TRUE
"58656","Leopardus pardalis","EC301-302",9.7804,-83.7546,TRUE
"58657","Leopardus pardalis","EC301-302",9.7804,-83.7546,TRUE
"58658","Leopardus pardalis","EC301-302",9.7804,-83.7546,TRUE
"58660","Leopardus pardalis","EC301-302",9.7804,-83.7546,TRUE
"58663","Leopardus pardalis","EC301-302",9.7804,-83.7546,TRUE
"58666","Leopardus pardalis","EC301-302",9.7804,-83.7546,TRUE
"58669","Leopardus pardalis","EC301-302",9.7804,-83.7546,TRUE
"58676","Leopardus pardalis","EC301-302",9.7804,-83.7546,TRUE
"58677","Leopardus pardalis","EC301-302",9.7804,-83.7546,TRUE
"58682","Leopardus pardalis","EC301-302",9.7804,-83.7546,TRUE
"58726","Leopardus pardalis","EC301-302",9.7804,-83.7546,TRUE
"58727","Leopardus pardalis","EC301-302",9.7804,-83.7546,TRUE
"58728","Leopardus pardalis","EC301-302",9.7804,-83.7546,TRUE
"58789","Leopardus pardalis","EC301-302",9.7804,-83.7546,TRUE
"58790","Leopardus pardalis","EC301-302",9.7804,-83.7546,TRUE
"58791","Leopardus pardalis","EC301-302",9.7804,-83.7546,TRUE
"58792","Leopardus pardalis","EC301-302",9.7804,-83.7546,TRUE
"58793","Leopardus pardalis","EC301-302",9.7804,-83.7546,TRUE
"58794","Leopardus pardalis","EC301-302",9.7804,-83.7546,TRUE
"58843","Leopardus pardalis","EC301-302",9.7804,-83.7546,TRUE
"58844","Leopardus pardalis","EC301-302",9.7804,-83.7546,TRUE
"58845","Leopardus pardalis","EC301-302",9.7804,-83.7546,TRUE
"58894","Leopardus pardalis","EC301-302",9.7804,-83.7546,TRUE
"58895","Leopardus pardalis","EC301-302",9.7804,-83.7546,TRUE
"58896","Leopardus pardalis","EC301-302",9.7804,-83.7546,TRUE
"58918","Leopardus pardalis","EC301-302",9.7804,-83.7546,TRUE
"58919","Leopardus pardalis","EC301-302",9.7804,-83.7546,TRUE
"58920","Leopardus pardalis","EC301-302",9.7804,-83.7546,TRUE
"58963","Leopardus pardalis","EC301-302",9.7804,-83.7546,TRUE
"58964","Leopardus pardalis","EC301-302",9.7804,-83.7546,TRUE
"58965","Leopardus pardalis","EC301-302",9.7804,-83.7546,TRUE
"58984","Leopardus pardalis","EC301-302",9.7804,-83.7546,TRUE
"58985","Leopardus pardalis","EC301-302",9.7804,-83.7546,TRUE
"58986","Leopardus pardalis","EC301-302",9.7804,-83.7546,TRUE
"58987","Leopardus pardalis","EC301-302",9.7804,-83.7546,TRUE
"58988","Leopardus pardalis","EC301-302",9.7804,-83.7546,TRUE
"58989","Leopardus pardalis","EC301-302",9.7804,-83.7546,TRUE
"59059","Leopardus pardalis","EC301-302",9.7804,-83.7546,TRUE
"59060","Leopardus pardalis","EC301-302",9.7804,-83.7546,TRUE
"59061","Leopardus pardalis","EC301-302",9.7804,-83.7546,TRUE
"59086","Leopardus pardalis","EC301-302",9.7804,-83.7546,TRUE
"59087","Leopardus pardalis","EC301-302",9.7804,-83.7546,TRUE
"59088","Leopardus pardalis","EC301-302",9.7804,-83.7546,TRUE
"59092","Leopardus pardalis","EC301-302",9.7804,-83.7546,TRUE
"59093","Leopardus pardalis","EC301-302",9.7804,-83.7546,TRUE
"59094","Leopardus pardalis","EC301-302",9.7804,-83.7546,TRUE
"59311","Leopardus pardalis","EC301-302",9.7804,-83.7546,TRUE
"59312","Leopardus pardalis","EC301-302",9.7804,-83.7546,TRUE
"59313","Leopardus pardalis","EC301-302",9.7804,-83.7546,TRUE
"59317","Leopardus pardalis","EC301-302",9.7804,-83.7546,TRUE
"59318","Leopardus pardalis","EC301-302",9.7804,-83.7546,TRUE
"59319","Leopardus pardalis","EC301-302",9.7804,-83.7546,TRUE
"59326","Leopardus pardalis","EC301-302",9.7804,-83.7546,TRUE
"59327","Leopardus pardalis","EC301-302",9.7804,-83.7546,TRUE
"59328","Leopardus pardalis","EC301-302",9.7804,-83.7546,TRUE
"59332","Leopardus pardalis","EC301-302",9.7804,-83.7546,TRUE
"59333","Leopardus pardalis","EC301-302",9.7804,-83.7546,TRUE
"59334","Leopardus pardalis","EC301-302",9.7804,-83.7546,TRUE
"59359","Leopardus pardalis","EC301-302",9.7804,-83.7546,TRUE
"59360","Leopardus pardalis","EC301-302",9.7804,-83.7546,TRUE
"59361","Leopardus pardalis","EC301-302",9.7804,-83.7546,TRUE
"59485","Leopardus pardalis","EC301-302",9.7804,-83.7546,TRUE
"59486","Leopardus pardalis","EC301-302",9.7804,-83.7546,TRUE
"59487","Leopardus pardalis","EC301-302",9.7804,-83.7546,TRUE
"59668","Leopardus pardalis","EC301-302",9.7804,-83.7546,TRUE
"59669","Leopardus pardalis","EC301-302",9.7804,-83.7546,TRUE
"59670","Leopardus pardalis","EC301-302",9.7804,-83.7546,TRUE
"59683","Leopardus pardalis","EC301-302",9.7804,-83.7546,TRUE
"59684","Leopardus pardalis","EC301-302",9.7804,-83.7546,TRUE
"59685","Leopardus pardalis","EC301-302",9.7804,-83.7546,TRUE
"59689","Leopardus pardalis","EC301-302",9.7804,-83.7546,TRUE
"59690","Leopardus pardalis","EC301-302",9.7804,-83.7546,TRUE
"59691","Leopardus pardalis","EC301-302",9.7804,-83.7546,TRUE
"59710","Leopardus pardalis","EC301-302",9.7804,-83.7546,TRUE
"59711","Leopardus pardalis","EC301-302",9.7804,-83.7546,TRUE
"59712","Leopardus pardalis","EC301-302",9.7804,-83.7546,TRUE
"59719","Leopardus pardalis","EC301-302",9.7804,-83.7546,TRUE
"59720","Leopardus pardalis","EC301-302",9.7804,-83.7546,TRUE
"59721","Leopardus pardalis","EC301-302",9.7804,-83.7546,TRUE
"59722","Leopardus pardalis","EC301-302",9.7804,-83.7546,TRUE
"59723","Leopardus pardalis","EC301-302",9.7804,-83.7546,TRUE
"59724","Leopardus pardalis","EC301-302",9.7804,-83.7546,TRUE
"59740","Leopardus pardalis","EC301-302",9.7804,-83.7546,TRUE
"59741","Leopardus pardalis","EC301-302",9.7804,-83.7546,TRUE
"59742","Leopardus pardalis","EC301-302",9.7804,-83.7546,TRUE
"59766","Leopardus pardalis","EC301-302",9.7804,-83.7546,TRUE
"59785","Leopardus pardalis","EC301-302",9.7804,-83.7546,TRUE
"59790","Leopardus pardalis","EC301-302",9.7804,-83.7546,TRUE
"59813","Leopardus pardalis","EC301-302",9.7804,-83.7546,TRUE
"59816","Leopardus pardalis","EC301-302",9.7804,-83.7546,TRUE
"59831","Leopardus pardalis","EC301-302",9.7804,-83.7546,TRUE
"59834","Leopardus pardalis","EC301-302",9.7804,-83.7546,TRUE
"59839","Leopardus pardalis","EC301-302",9.7804,-83.7546,TRUE
"59926","Leopardus pardalis","EC301-302",9.7804,-83.7546,TRUE
"59953","Leopardus pardalis","EC301-302",9.7804,-83.7546,TRUE
"59960","Leopardus pardalis","EC301-302",9.7804,-83.7546,TRUE
"59969","Leopardus pardalis","EC301-302",9.7804,-83.7546,TRUE
"59970","Leopardus pardalis","EC301-302",9.7804,-83.7546,TRUE
"59973","Leopardus pardalis","EC301-302",9.7804,-83.7546,TRUE
"59974","Leopardus pardalis","EC301-302",9.7804,-83.7546,TRUE
"61410","Leopardus pardalis","LM4-5",9.7861,-83.6915,TRUE
"61411","Leopardus pardalis","LM4-5",9.7861,-83.6915,TRUE
"61412","Leopardus pardalis","LM4-5",9.7861,-83.6915,TRUE
"61443","Leopardus pardalis","LM4-5",9.7861,-83.6915,TRUE
"61444","Leopardus pardalis","LM4-5",9.7861,-83.6915,TRUE
"61445","Leopardus pardalis","LM4-5",9.7861,-83.6915,TRUE
"61449","Leopardus pardalis","LM4-5",9.7861,-83.6915,TRUE
"61450","Leopardus pardalis","LM4-5",9.7861,-83.6915,TRUE
"61451","Leopardus pardalis","LM4-5",9.7861,-83.6915,TRUE
"61467","Leopardus pardalis","LM4-5",9.7861,-83.6915,TRUE
"61468","Leopardus pardalis","LM4-5",9.7861,-83.6915,TRUE
"61469","Leopardus pardalis","LM4-5",9.7861,-83.6915,TRUE
"61476","Leopardus pardalis","LM4-5",9.7861,-83.6915,TRUE
"61477","Leopardus pardalis","LM4-5",9.7861,-83.6915,TRUE
"61478","Leopardus pardalis","LM4-5",9.7861,-83.6915,TRUE
"61491","Leopardus pardalis","LM4-5",9.7861,-83.6915,TRUE
"61492","Leopardus pardalis","LM4-5",9.7861,-83.6915,TRUE
"61493","Leopardus pardalis","LM4-5",9.7861,-83.6915,TRUE
"61500","Leopardus pardalis","LM4-5",9.7861,-83.6915,TRUE
"61501","Leopardus pardalis","LM4-5",9.7861,-83.6915,TRUE
"61502","Leopardus pardalis","LM4-5",9.7861,-83.6915,TRUE
"61503","Leopardus pardalis","LM4-5",9.7861,-83.6915,TRUE
"61504","Leopardus pardalis","LM4-5",9.7861,-83.6915,TRUE
"61505","Leopardus pardalis","LM4-5",9.7861,-83.6915,TRUE
"61506","Leopardus pardalis","LM4-5",9.7861,-83.6915,TRUE
"61507","Leopardus pardalis","LM4-5",9.7861,-83.6915,TRUE
"61508","Leopardus pardalis","LM4-5",9.7861,-83.6915,TRUE
"61512","Leopardus pardalis","LM4-5",9.7861,-83.6915,TRUE
"61513","Leopardus pardalis","LM4-5",9.7861,-83.6915,TRUE
"61514","Leopardus pardalis","LM4-5",9.7861,-83.6915,TRUE
"61554","Leopardus pardalis","LM4-5",9.7861,-83.6915,TRUE
"61555","Leopardus pardalis","LM4-5",9.7861,-83.6915,TRUE
"61556","Leopardus pardalis","LM4-5",9.7861,-83.6915,TRUE
"61590","Leopardus pardalis","LM4-5",9.7861,-83.6915,TRUE
"61591","Leopardus pardalis","LM4-5",9.7861,-83.6915,TRUE
"61592","Leopardus pardalis","LM4-5",9.7861,-83.6915,TRUE
"61593","Leopardus pardalis","LM4-5",9.7861,-83.6915,TRUE
"61594","Leopardus pardalis","LM4-5",9.7861,-83.6915,TRUE
"61595","Leopardus pardalis","LM4-5",9.7861,-83.6915,TRUE
"61599","Leopardus pardalis","LM4-5",9.7861,-83.6915,TRUE
"61600","Leopardus pardalis","LM4-5",9.7861,-83.6915,TRUE
"61601","Leopardus pardalis","LM4-5",9.7861,-83.6915,TRUE
"61617","Leopardus pardalis","LM4-5",9.7861,-83.6915,TRUE
"61618","Leopardus pardalis","LM4-5",9.7861,-83.6915,TRUE
"61619","Leopardus pardalis","LM4-5",9.7861,-83.6915,TRUE
"61620","Leopardus pardalis","LM4-5",9.7861,-83.6915,TRUE
"61621","Leopardus pardalis","LM4-5",9.7861,-83.6915,TRUE
"61622","Leopardus pardalis","LM4-5",9.7861,-83.6915,TRUE
"61623","Leopardus pardalis","LM4-5",9.7861,-83.6915,TRUE
"61624","Leopardus pardalis","LM4-5",9.7861,-83.6915,TRUE
"61625","Leopardus pardalis","LM4-5",9.7861,-83.6915,TRUE
"61644","Leopardus pardalis","LM4-5",9.7861,-83.6915,TRUE
"61645","Leopardus pardalis","LM4-5",9.7861,-83.6915,TRUE
"61646","Leopardus pardalis","LM4-5",9.7861,-83.6915,TRUE
"61665","Leopardus pardalis","LM4-5",9.7861,-83.6915,TRUE
"61666","Leopardus pardalis","LM4-5",9.7861,-83.6915,TRUE
"61667","Leopardus pardalis","LM4-5",9.7861,-83.6915,TRUE
"61698","Leopardus pardalis","LM4-5",9.7861,-83.6915,TRUE
"61699","Leopardus pardalis","LM4-5",9.7861,-83.6915,TRUE
"61700","Leopardus pardalis","LM4-5",9.7861,-83.6915,TRUE
"61701","Leopardus pardalis","LM4-5",9.7861,-83.6915,TRUE
"61702","Leopardus pardalis","LM4-5",9.7861,-83.6915,TRUE
"61703","Leopardus pardalis","LM4-5",9.7861,-83.6915,TRUE
"61707","Leopardus pardalis","LM4-5",9.775,-83.682,TRUE
"61715","Leopardus pardalis","LM4-5",9.775,-83.682,TRUE
"61731","Leopardus pardalis","LM1-2",9.7685,-83.6823,TRUE
"61732","Leopardus pardalis","LM1-2",9.7685,-83.6823,TRUE
"61733","Leopardus pardalis","LM1-2",9.7685,-83.6823,TRUE
"61734","Leopardus pardalis","LM1-2",9.7685,-83.6823,TRUE
"61737","Leopardus pardalis","LM1-2",9.7685,-83.6823,TRUE
"61738","Leopardus pardalis","LM1-2",9.7685,-83.6823,TRUE
"61739","Leopardus pardalis","LM1-2",9.7685,-83.6823,TRUE
"61740","Leopardus pardalis","LM1-2",9.7685,-83.6823,TRUE
"61741","Leopardus pardalis","LM1-2",9.7685,-83.6823,TRUE
"61744","Leopardus pardalis","LM1-2",9.7685,-83.6823,TRUE
"61745","Leopardus pardalis","LM1-2",9.7685,-83.6823,TRUE
"61746","Leopardus pardalis","LM1-2",9.7685,-83.6823,TRUE
"61747","Leopardus pardalis","LM1-2",9.7685,-83.6823,TRUE
"61748","Leopardus pardalis","LM1-2",9.7685,-83.6823,TRUE
"61749","Leopardus pardalis","LM1-2",9.7685,-83.6823,TRUE
"61750","Leopardus pardalis","LM1-2",9.7685,-83.6823,TRUE
"61751","Leopardus pardalis","LM1-2",9.7685,-83.6823,TRUE
"61753","Leopardus pardalis","LM1-2",9.7685,-83.6823,TRUE
"61755","Leopardus pardalis","LM1-2",9.7685,-83.6823,TRUE
"61757","Leopardus pardalis","LM1-2",9.7685,-83.6823,TRUE
"61760","Leopardus pardalis","LM1-2",9.7685,-83.6823,TRUE
"61761","Leopardus pardalis","LM1-2",9.7685,-83.6823,TRUE
"61763","Leopardus pardalis","LM1-2",9.7685,-83.6823,TRUE
"61764","Leopardus pardalis","LM1-2",9.7685,-83.6823,TRUE
"61765","Leopardus pardalis","LM1-2",9.7685,-83.6823,TRUE
"61770","Leopardus pardalis","LM1-2",9.7685,-83.6823,TRUE
"61774","Leopardus pardalis","LM1-2",9.7685,-83.6823,TRUE
"61775","Leopardus pardalis","LM1-2",9.7685,-83.6823,TRUE
"61776","Leopardus pardalis","LM1-2",9.7685,-83.6823,TRUE
"61777","Leopardus pardalis","LM1-2",9.7685,-83.6823,TRUE
"61778","Leopardus pardalis","LM1-2",9.7685,-83.6823,TRUE
"61779","Leopardus pardalis","LM1-2",9.7685,-83.6823,TRUE
"61782","Leopardus pardalis","LM1-2",9.7685,-83.6823,TRUE
"61783","Leopardus pardalis","LM1-2",9.7685,-83.6823,TRUE
"61784","Leopardus pardalis","LM1-2",9.7685,-83.6823,TRUE
"61785","Leopardus pardalis","LM1-2",9.7685,-83.6823,TRUE
"61786","Leopardus pardalis","LM1-2",9.7685,-83.6823,TRUE
"61787","Leopardus pardalis","LM1-2",9.7685,-83.6823,TRUE
"61788","Leopardus pardalis","LM1-2",9.7685,-83.6823,TRUE
"61789","Leopardus pardalis","LM1-2",9.7685,-83.6823,TRUE
"61791","Leopardus pardalis","LM1-2",9.7685,-83.6823,TRUE
"61792","Leopardus pardalis","LM1-2",9.7685,-83.6823,TRUE
"61793","Leopardus pardalis","LM1-2",9.7685,-83.6823,TRUE
"61794","Leopardus pardalis","LM1-2",9.7685,-83.6823,TRUE
"61795","Leopardus pardalis","LM1-2",9.7685,-83.6823,TRUE
"61796","Leopardus pardalis","LM1-2",9.7685,-83.6823,TRUE
"61797","Leopardus pardalis","LM1-2",9.7685,-83.6823,TRUE
"61798","Leopardus pardalis","LM1-2",9.7685,-83.6823,TRUE
"61799","Leopardus pardalis","LM1-2",9.7685,-83.6823,TRUE
"61800","Leopardus pardalis","LM1-2",9.7685,-83.6823,TRUE
"61801","Leopardus pardalis","LM1-2",9.7685,-83.6823,TRUE
"61802","Leopardus pardalis","LM1-2",9.7685,-83.6823,TRUE
"61803","Leopardus pardalis","LM1-2",9.7685,-83.6823,TRUE
"61804","Leopardus pardalis","LM1-2",9.7685,-83.6823,TRUE
"61805","Leopardus pardalis","LM1-2",9.7685,-83.6823,TRUE
"61806","Leopardus pardalis","LM1-2",9.7685,-83.6823,TRUE
"61807","Leopardus pardalis","LM1-2",9.7685,-83.6823,TRUE
"61808","Leopardus pardalis","LM1-2",9.7685,-83.6823,TRUE
"61809","Leopardus pardalis","LM1-2",9.7685,-83.6823,TRUE
"61810","Leopardus pardalis","LM1-2",9.7685,-83.6823,TRUE
"61811","Leopardus pardalis","LM1-2",9.7685,-83.6823,TRUE
"61812","Leopardus pardalis","LM1-2",9.7685,-83.6823,TRUE
"61813","Leopardus pardalis","LM1-2",9.7685,-83.6823,TRUE
"61814","Leopardus pardalis","LM1-2",9.7685,-83.6823,TRUE
"61815","Leopardus pardalis","LM1-2",9.7685,-83.6823,TRUE
"61817","Leopardus pardalis","LM1-2",9.7685,-83.6823,TRUE
"61819","Leopardus pardalis","LM1-2",9.7685,-83.6823,TRUE
"61820","Leopardus pardalis","LM1-2",9.7685,-83.6823,TRUE
"61821","Leopardus pardalis","LM1-2",9.7685,-83.6823,TRUE
"61822","Leopardus pardalis","LM1-2",9.7685,-83.6823,TRUE
"61823","Leopardus pardalis","LM1-2",9.7685,-83.6823,TRUE
"61826","Leopardus pardalis","LM1-2",9.7685,-83.6823,TRUE
"61827","Leopardus pardalis","LM1-2",9.7685,-83.6823,TRUE
"61828","Leopardus pardalis","LM1-2",9.7685,-83.6823,TRUE
"61830","Leopardus pardalis","LM1-2",9.7685,-83.6823,TRUE
"61832","Leopardus pardalis","LM1-2",9.7685,-83.6823,TRUE
"61833","Leopardus pardalis","LM1-2",9.7685,-83.6823,TRUE
"61834","Leopardus pardalis","LM1-2",9.7685,-83.6823,TRUE
"61835","Leopardus pardalis","LM1-2",9.7685,-83.6823,TRUE
"61836","Leopardus pardalis","LM1-2",9.7685,-83.6823,TRUE
"61837","Leopardus pardalis","LM1-2",9.7685,-83.6823,TRUE
"61838","Leopardus pardalis","LM1-2",9.7685,-83.6823,TRUE
"61840","Leopardus pardalis","LM1-2",9.7685,-83.6823,TRUE
"61841","Leopardus pardalis","LM1-2",9.7685,-83.6823,TRUE
"61842","Leopardus pardalis","LM1-2",9.7685,-83.6823,TRUE
"61843","Leopardus pardalis","LM1-2",9.7685,-83.6823,TRUE
"61844","Leopardus pardalis","LM1-2",9.7685,-83.6823,TRUE
"61845","Leopardus pardalis","LM1-2",9.7685,-83.6823,TRUE
"61846","Leopardus pardalis","LM1-2",9.7685,-83.6823,TRUE
"61847","Leopardus pardalis","LM1-2",9.7685,-83.6823,TRUE
"61849","Leopardus pardalis","LM1-2",9.7685,-83.6823,TRUE
"61850","Leopardus pardalis","LM1-2",9.7685,-83.6823,TRUE
"61852","Leopardus pardalis","LM1-2",9.7685,-83.6823,TRUE
"61855","Leopardus pardalis","LM1-2",9.7685,-83.6823,TRUE
"61856","Leopardus pardalis","LM1-2",9.7685,-83.6823,TRUE
"61857","Leopardus pardalis","LM1-2",9.7685,-83.6823,TRUE
"61858","Leopardus pardalis","LM1-2",9.7685,-83.6823,TRUE
"61859","Leopardus pardalis","LM1-2",9.7685,-83.6823,TRUE
"61861","Leopardus pardalis","LM1-2",9.7685,-83.6823,TRUE
"61862","Leopardus pardalis","LM1-2",9.7685,-83.6823,TRUE
"61864","Leopardus pardalis","LM1-2",9.7685,-83.6823,TRUE
"61865","Leopardus pardalis","LM1-2",9.7685,-83.6823,TRUE
"61866","Leopardus pardalis","LM1-2",9.7685,-83.6823,TRUE
"61867","Leopardus pardalis","LM1-2",9.7685,-83.6823,TRUE
"61868","Leopardus pardalis","LM1-2",9.7685,-83.6823,TRUE
"61872","Leopardus pardalis","LM1-2",9.7685,-83.6823,TRUE
"61875","Leopardus pardalis","LM1-2",9.7685,-83.6823,TRUE
"61876","Leopardus pardalis","LM1-2",9.7685,-83.6823,TRUE
"61877","Leopardus pardalis","LM1-2",9.7685,-83.6823,TRUE
"61878","Leopardus pardalis","LM1-2",9.7685,-83.6823,TRUE
"61880","Leopardus pardalis","LM1-2",9.7685,-83.6823,TRUE
"61886","Leopardus pardalis","LM1-2",9.7685,-83.6823,TRUE
"61887","Leopardus pardalis","LM1-2",9.7685,-83.6823,TRUE
"61888","Leopardus pardalis","LM1-2",9.7685,-83.6823,TRUE
"61890","Leopardus pardalis","LM1-2",9.7685,-83.6823,TRUE
"61893","Leopardus pardalis","LM1-2",9.7685,-83.6823,TRUE
"61894","Leopardus pardalis","LM1-2",9.7685,-83.6823,TRUE
"61895","Leopardus pardalis","LM1-2",9.7685,-83.6823,TRUE
"61897","Leopardus pardalis","LM1-2",9.7685,-83.6823,TRUE
"61899","Leopardus pardalis","LM1-2",9.7685,-83.6823,TRUE
"61903","Leopardus pardalis","LM1-2",9.7685,-83.6823,TRUE
"61905","Leopardus pardalis","LM1-2",9.7685,-83.6823,TRUE
"61906","Leopardus pardalis","LM1-2",9.7685,-83.6823,TRUE
"61908","Leopardus pardalis","LM1-2",9.7685,-83.6823,TRUE
"61910","Leopardus pardalis","LM1-2",9.7685,-83.6823,TRUE
"61911","Leopardus pardalis","LM1-2",9.7685,-83.6823,TRUE
"61912","Leopardus pardalis","LM1-2",9.7685,-83.6823,TRUE
"61913","Leopardus pardalis","LM1-2",9.7685,-83.6823,TRUE
"61915","Leopardus pardalis","LM1-2",9.7685,-83.6823,TRUE
"61916","Leopardus pardalis","LM1-2",9.7685,-83.6823,TRUE
"61917","Leopardus pardalis","LM1-2",9.7685,-83.6823,TRUE
"61919","Leopardus pardalis","LM1-2",9.7685,-83.6823,TRUE
"61920","Leopardus pardalis","LM1-2",9.7685,-83.6823,TRUE
"61921","Leopardus pardalis","LM1-2",9.7685,-83.6823,TRUE
"61922","Leopardus pardalis","LM1-2",9.7685,-83.6823,TRUE
"61923","Leopardus pardalis","LM1-2",9.7685,-83.6823,TRUE
"61924","Leopardus pardalis","LM1-2",9.7685,-83.6823,TRUE
"61925","Leopardus pardalis","LM1-2",9.7685,-83.6823,TRUE
"61926","Leopardus pardalis","LM1-2",9.7685,-83.6823,TRUE
"61927","Leopardus pardalis","LM1-2",9.7685,-83.6823,TRUE
"61928","Leopardus pardalis","LM1-2",9.7685,-83.6823,TRUE
"61929","Leopardus pardalis","LM1-2",9.7685,-83.6823,TRUE
"61930","Leopardus pardalis","LM1-2",9.7685,-83.6823,TRUE
"61933","Leopardus pardalis","LM1-2",9.7685,-83.6823,TRUE
"61941","Leopardus pardalis","LM1-2",9.7685,-83.6823,TRUE
"61942","Leopardus pardalis","LM1-2",9.7685,-83.6823,TRUE
"61945","Leopardus pardalis","LM1-2",9.7685,-83.6823,TRUE
"61947","Leopardus pardalis","LM1-2",9.7685,-83.6823,TRUE
"61948","Leopardus pardalis","LM1-2",9.7685,-83.6823,TRUE
"61949","Leopardus pardalis","LM1-2",9.7685,-83.6823,TRUE
"61951","Leopardus pardalis","LM1-2",9.7685,-83.6823,TRUE
"61954","Leopardus pardalis","LM1-2",9.7685,-83.6823,TRUE
"61960","Leopardus pardalis","LM1-2",9.7685,-83.6823,TRUE
"61964","Leopardus pardalis","LM1-2",9.7685,-83.6823,TRUE
"61965","Leopardus pardalis","LM1-2",9.7685,-83.6823,TRUE
"61966","Leopardus pardalis","LM1-2",9.7685,-83.6823,TRUE
"61975","Leopardus pardalis","LM1-2",9.7685,-83.6823,TRUE
"61976","Leopardus pardalis","LM1-2",9.7685,-83.6823,TRUE
"61977","Leopardus pardalis","LM1-2",9.7685,-83.6823,TRUE
"61981","Leopardus pardalis","LM1-2",9.7685,-83.6823,TRUE
"61984","Leopardus pardalis","LM1-2",9.7685,-83.6823,TRUE
"61990","Leopardus pardalis","LM1-2",9.7685,-83.6823,TRUE
"61997","Leopardus pardalis","LM1-2",9.7685,-83.6823,TRUE
"62007","Leopardus pardalis","LM1-2",9.7685,-83.6823,TRUE
"62026","Leopardus pardalis","LM1-2",9.7685,-83.6823,TRUE
"62032","Leopardus pardalis","LM1-2",9.7685,-83.6823,TRUE
"62033","Leopardus pardalis","LM1-2",9.7685,-83.6823,TRUE
"62035","Leopardus pardalis","LM1-2",9.7685,-83.6823,TRUE
"62036","Leopardus pardalis","LM1-2",9.7685,-83.6823,TRUE
"62038","Leopardus pardalis","LM1-2",9.7685,-83.6823,TRUE
"62039","Leopardus pardalis","LM1-2",9.7685,-83.6823,TRUE
"62040","Leopardus pardalis","LM1-2",9.7685,-83.6823,TRUE
"62042","Leopardus pardalis","LM1-2",9.7685,-83.6823,TRUE
"62045","Leopardus pardalis","LM1-2",9.7685,-83.6823,TRUE
"62046","Leopardus pardalis","LM1-2",9.7685,-83.6823,TRUE
"62047","Leopardus pardalis","LM1-2",9.7685,-83.6823,TRUE
"62048","Leopardus pardalis","LM1-2",9.7685,-83.6823,TRUE
"62049","Leopardus pardalis","LM1-2",9.7685,-83.6823,TRUE
"62050","Leopardus pardalis","LM1-2",9.7685,-83.6823,TRUE
"62051","Leopardus pardalis","LM1-2",9.7685,-83.6823,TRUE
"62052","Leopardus pardalis","LM1-2",9.7685,-83.6823,TRUE
"62053","Leopardus pardalis","LM1-2",9.7685,-83.6823,TRUE
"62054","Leopardus pardalis","LM1-2",9.7685,-83.6823,TRUE
"62055","Leopardus pardalis","LM1-2",9.7685,-83.6823,TRUE
"62059","Leopardus pardalis","LM1-2",9.7685,-83.6823,TRUE
"62060","Leopardus pardalis","LM1-2",9.7685,-83.6823,TRUE
"62061","Leopardus pardalis","LM1-2",9.7685,-83.6823,TRUE
"62062","Leopardus pardalis","LM1-2",9.7685,-83.6823,TRUE
"62063","Leopardus pardalis","LM1-2",9.7685,-83.6823,TRUE
"62064","Leopardus pardalis","LM1-2",9.7685,-83.6823,TRUE
"62065","Leopardus pardalis","LM1-2",9.7685,-83.6823,TRUE
"62066","Leopardus pardalis","LM1-2",9.7685,-83.6823,TRUE
"62068","Leopardus pardalis","LM1-2",9.7685,-83.6823,TRUE
"62069","Leopardus pardalis","LM1-2",9.7685,-83.6823,TRUE
"62070","Leopardus pardalis","LM1-2",9.7685,-83.6823,TRUE
"62072","Leopardus pardalis","LM1-2",9.7685,-83.6823,TRUE
"62074","Leopardus pardalis","LM1-2",9.7685,-83.6823,TRUE
"62078","Leopardus pardalis","LM1-2",9.7685,-83.6823,TRUE
"62079","Leopardus pardalis","LM1-2",9.7685,-83.6823,TRUE
"62080","Leopardus pardalis","LM1-2",9.7685,-83.6823,TRUE
"62083","Leopardus pardalis","LM1-2",9.7685,-83.6823,TRUE
"62085","Leopardus pardalis","LM1-2",9.7685,-83.6823,TRUE
"62087","Leopardus pardalis","LM1-2",9.7685,-83.6823,TRUE
"62088","Leopardus pardalis","LM1-2",9.7685,-83.6823,TRUE
"62089","Leopardus pardalis","LM1-2",9.7685,-83.6823,TRUE
"62090","Leopardus pardalis","LM1-2",9.7685,-83.6823,TRUE
"62092","Leopardus pardalis","LM1-2",9.7685,-83.6823,TRUE
"62093","Leopardus pardalis","LM1-2",9.7685,-83.6823,TRUE
"62095","Leopardus pardalis","LM1-2",9.7685,-83.6823,TRUE
"62098","Leopardus pardalis","LM1-2",9.7685,-83.6823,TRUE
"62100","Leopardus pardalis","LM1-2",9.7685,-83.6823,TRUE
"62101","Leopardus pardalis","LM1-2",9.7685,-83.6823,TRUE
"62102","Leopardus pardalis","LM1-2",9.7685,-83.6823,TRUE
"62103","Leopardus pardalis","LM1-2",9.7685,-83.6823,TRUE
"62104","Leopardus pardalis","LM1-2",9.7685,-83.6823,TRUE
"62105","Leopardus pardalis","LM1-2",9.7685,-83.6823,TRUE
"62107","Leopardus pardalis","LM1-2",9.7685,-83.6823,TRUE
"62108","Leopardus pardalis","LM1-2",9.7685,-83.6823,TRUE
"62109","Leopardus pardalis","LM1-2",9.7685,-83.6823,TRUE
"62111","Leopardus pardalis","LM1-2",9.7685,-83.6823,TRUE
"62112","Leopardus pardalis","LM1-2",9.7685,-83.6823,TRUE
"62113","Leopardus pardalis","LM1-2",9.7685,-83.6823,TRUE
"62114","Leopardus pardalis","LM1-2",9.7685,-83.6823,TRUE
"62115","Leopardus pardalis","LM1-2",9.7685,-83.6823,TRUE
"62116","Leopardus pardalis","LM1-2",9.7685,-83.6823,TRUE
"62117","Leopardus pardalis","LM1-2",9.7685,-83.6823,TRUE
"62118","Leopardus pardalis","LM1-2",9.7685,-83.6823,TRUE
"62119","Leopardus pardalis","LM1-2",9.7685,-83.6823,TRUE
"62120","Leopardus pardalis","LM1-2",9.7685,-83.6823,TRUE
"62122","Leopardus pardalis","LM1-2",9.7685,-83.6823,TRUE
"62124","Leopardus pardalis","LM1-2",9.7685,-83.6823,TRUE
"62126","Leopardus pardalis","LM1-2",9.7685,-83.6823,TRUE
"62127","Leopardus pardalis","LM1-2",9.7685,-83.6823,TRUE
"62128","Leopardus pardalis","LM1-2",9.7685,-83.6823,TRUE
"62130","Leopardus pardalis","LM3",9.7651,-83.6791,TRUE
"62131","Leopardus pardalis","LM3",9.7651,-83.6791,TRUE
"62133","Leopardus pardalis","LM3",9.7651,-83.6791,TRUE
"62134","Leopardus pardalis","LM3",9.7651,-83.6791,TRUE
"62135","Leopardus pardalis","LM3",9.7651,-83.6791,TRUE
"62136","Leopardus pardalis","LM3",9.7651,-83.6791,TRUE
"62137","Leopardus pardalis","LM3",9.7651,-83.6791,TRUE
"62142","Leopardus pardalis","LM3",9.7651,-83.6791,TRUE
"62143","Leopardus pardalis","LM3",9.7651,-83.6791,TRUE
"62144","Leopardus pardalis","LM3",9.7651,-83.6791,TRUE
"62146","Leopardus pardalis","LM3",9.7651,-83.6791,TRUE
"62147","Leopardus pardalis","LM3",9.7651,-83.6791,TRUE
"62150","Leopardus pardalis","LM3",9.7651,-83.6791,TRUE
"62154","Leopardus pardalis","LM3",9.7651,-83.6791,TRUE
"62155","Leopardus pardalis","LM3",9.7651,-83.6791,TRUE
"62156","Leopardus pardalis","LM3",9.7651,-83.6791,TRUE
"62159","Leopardus pardalis","LM3",9.7651,-83.6791,TRUE
"62160","Leopardus pardalis","LM3",9.7651,-83.6791,TRUE
"62163","Leopardus pardalis","LM3",9.7651,-83.6791,TRUE
"62165","Leopardus pardalis","LM3",9.7651,-83.6791,TRUE
"62166","Leopardus pardalis","LM3",9.7651,-83.6791,TRUE
"62167","Leopardus pardalis","LM3",9.7651,-83.6791,TRUE
"62168","Leopardus pardalis","LM3",9.7651,-83.6791,TRUE
"62170","Leopardus pardalis","LM3",9.7651,-83.6791,TRUE
"62174","Leopardus pardalis","LM3",9.7651,-83.6791,TRUE
"62177","Leopardus pardalis","LM3",9.7651,-83.6791,TRUE
"62180","Leopardus pardalis","LM3",9.7651,-83.6791,TRUE
"62181","Leopardus pardalis","LM3",9.7651,-83.6791,TRUE
"62182","Leopardus pardalis","LM3",9.7651,-83.6791,TRUE
"62184","Leopardus pardalis","LM3",9.7651,-83.6791,TRUE
"62186","Leopardus pardalis","LM3",9.7651,-83.6791,TRUE
"62188","Leopardus pardalis","LM3",9.7651,-83.6791,TRUE
"62193","Leopardus pardalis","LM3",9.7651,-83.6791,TRUE
"62196","Leopardus pardalis","LM3",9.7651,-83.6791,TRUE
"62198","Leopardus pardalis","LM3",9.7651,-83.6791,TRUE
"62201","Leopardus pardalis","LM3",9.7651,-83.6791,TRUE
"62238","Leopardus pardalis","LM4-5",9.7861,-83.6915,TRUE
"62239","Leopardus pardalis","LM4-5",9.7861,-83.6915,TRUE
"62240","Leopardus pardalis","LM4-5",9.7861,-83.6915,TRUE
"62241","Leopardus pardalis","LM4-5",9.7861,-83.6915,TRUE
"62260","Leopardus pardalis","LM4-5",9.775,-83.682,TRUE
"62264","Leopardus pardalis","LM4-5",9.775,-83.682,TRUE
"62265","Leopardus pardalis","LM4-5",9.775,-83.682,TRUE
"62266","Leopardus pardalis","LM4-5",9.775,-83.682,TRUE
"62271","Leopardus pardalis","LM4-5",9.775,-83.682,TRUE
"62273","Leopardus pardalis","LM4-5",9.775,-83.682,TRUE
"62276","Leopardus pardalis","LM4-5",9.775,-83.682,TRUE
"62279","Leopardus pardalis","LM4-5",9.775,-83.682,TRUE
"62280","Leopardus pardalis","LM4-5",9.775,-83.682,TRUE
"62283","Leopardus pardalis","LM4-5",9.775,-83.682,TRUE
"62286","Leopardus pardalis","LM6-7",9.7679,-83.6834,TRUE
"62289","Leopardus pardalis","LM6-7",9.7679,-83.6834,TRUE
"62292","Leopardus pardalis","LM6-7",9.7679,-83.6834,TRUE
"62302","Leopardus pardalis","LM6-7",9.7679,-83.6834,TRUE
"62306","Leopardus pardalis","LM6-7",9.7679,-83.6834,TRUE
"62315","Leopardus pardalis","LM6-7",9.7679,-83.6834,TRUE
"62319","Leopardus pardalis","LM6-7",9.7679,-83.6834,TRUE
"62328","Leopardus pardalis","LM6-7",9.7679,-83.6834,TRUE
"62333","Leopardus pardalis","LM6-7",9.7679,-83.6834,TRUE
"62335","Leopardus pardalis","LM6-7",9.7679,-83.6834,TRUE
"62339","Leopardus pardalis","LM6-7",9.7679,-83.6834,TRUE
"62353","Leopardus pardalis","LM6-7",9.7679,-83.6834,TRUE
"62354","Leopardus pardalis","LM6-7",9.7679,-83.6834,TRUE
"62355","Leopardus pardalis","LM6-7",9.7679,-83.6834,TRUE
"62358","Leopardus pardalis","LM6-7",9.7679,-83.6834,TRUE
"62365","Leopardus pardalis","LM6-7",9.7679,-83.6834,TRUE
"62366","Leopardus pardalis","LM6-7",9.7679,-83.6834,TRUE
"62368","Leopardus pardalis","LM6-7",9.7679,-83.6834,TRUE
"62369","Leopardus pardalis","LM6-7",9.7679,-83.6834,TRUE
"62372","Leopardus pardalis","LM6-7",9.7679,-83.6834,TRUE
"62378","Leopardus pardalis","LM6-7",9.7679,-83.6834,TRUE
"62379","Leopardus pardalis","LM6-7",9.7679,-83.6834,TRUE
"62381","Leopardus pardalis","LM6-7",9.7679,-83.6834,TRUE
"62382","Leopardus pardalis","LM6-7",9.7679,-83.6834,TRUE
"62383","Leopardus pardalis","LM6-7",9.7679,-83.6834,TRUE
"62384","Leopardus pardalis","LM6-7",9.7679,-83.6834,TRUE
"62385","Leopardus pardalis","LM6-7",9.7679,-83.6834,TRUE
"62387","Leopardus pardalis","LM6-7",9.7679,-83.6834,TRUE
"62392","Leopardus pardalis","LM6-7",9.7679,-83.6834,TRUE
"62393","Leopardus pardalis","LM6-7",9.7679,-83.6834,TRUE
"62394","Leopardus pardalis","LM6-7",9.7679,-83.6834,TRUE
"62397","Leopardus pardalis","LM6-7",9.7679,-83.6834,TRUE
"62398","Leopardus pardalis","LM6-7",9.7679,-83.6834,TRUE
"62399","Leopardus pardalis","LM6-7",9.7679,-83.6834,TRUE
"62400","Leopardus pardalis","LM6-7",9.7679,-83.6834,TRUE
"62401","Leopardus pardalis","LM6-7",9.7679,-83.6834,TRUE
"62402","Leopardus pardalis","LM6-7",9.7679,-83.6834,TRUE
"62404","Leopardus pardalis","LM6-7",9.7679,-83.6834,TRUE
"62406","Leopardus pardalis","LM6-7",9.7679,-83.6834,TRUE
"62407","Leopardus pardalis","LM6-7",9.7679,-83.6834,TRUE
"62408","Leopardus pardalis","LM6-7",9.7679,-83.6834,TRUE
"62409","Leopardus pardalis","LM6-7",9.7679,-83.6834,TRUE
"62411","Leopardus pardalis","LM6-7",9.7679,-83.6834,TRUE
"62412","Leopardus pardalis","LM6-7",9.7679,-83.6834,TRUE
"62413","Leopardus pardalis","LM6-7",9.7679,-83.6834,TRUE
"62417","Leopardus pardalis","LM6-7",9.7679,-83.6834,TRUE
"62419","Leopardus pardalis","LM6-7",9.7679,-83.6834,TRUE
"62423","Leopardus pardalis","LM6-7",9.7679,-83.6834,TRUE
"62425","Leopardus pardalis","LM6-7",9.7679,-83.6834,TRUE
"62426","Leopardus pardalis","LM6-7",9.7679,-83.6834,TRUE
"62428","Leopardus pardalis","LM6-7",9.7679,-83.6834,TRUE
"62429","Leopardus pardalis","LM6-7",9.7679,-83.6834,TRUE
"62432","Leopardus pardalis","LM6-7",9.7679,-83.6834,TRUE
"62433","Leopardus pardalis","LM6-7",9.7679,-83.6834,TRUE
"62434","Leopardus pardalis","LM6-7",9.7679,-83.6834,TRUE
"62435","Leopardus pardalis","LM6-7",9.7679,-83.6834,TRUE
"62436","Leopardus pardalis","LM6-7",9.7679,-83.6834,TRUE
"62437","Leopardus pardalis","LM6-7",9.7679,-83.6834,TRUE
"62438","Leopardus pardalis","LM6-7",9.7679,-83.6834,TRUE
"62439","Leopardus pardalis","LM6-7",9.7679,-83.6834,TRUE
"62440","Leopardus pardalis","LM6-7",9.7679,-83.6834,TRUE
"62441","Leopardus pardalis","LM6-7",9.7679,-83.6834,TRUE
"62444","Leopardus pardalis","LM6-7",9.7679,-83.6834,TRUE
"62447","Leopardus pardalis","LM6-7",9.7679,-83.6834,TRUE
"62449","Leopardus pardalis","LM6-7",9.7679,-83.6834,TRUE
"62450","Leopardus pardalis","LM6-7",9.7679,-83.6834,TRUE
"62452","Leopardus pardalis","LM6-7",9.7679,-83.6834,TRUE
"62455","Leopardus pardalis","LM6-7",9.7679,-83.6834,TRUE
"62456","Leopardus pardalis","LM6-7",9.7679,-83.6834,TRUE
"62457","Leopardus pardalis","LM6-7",9.7679,-83.6834,TRUE
"62458","Leopardus pardalis","LM6-7",9.7679,-83.6834,TRUE
"62459","Leopardus pardalis","LM6-7",9.7679,-83.6834,TRUE
"62462","Leopardus pardalis","LM6-7",9.7679,-83.6834,TRUE
"62464","Leopardus pardalis","LM6-7",9.7679,-83.6834,TRUE
"62465","Leopardus pardalis","LM6-7",9.7679,-83.6834,TRUE
"62467","Leopardus pardalis","LM6-7",9.7679,-83.6834,TRUE
"62471","Leopardus pardalis","LM6-7",9.7679,-83.6834,TRUE
"62472","Leopardus pardalis","LM6-7",9.7679,-83.6834,TRUE
"62473","Leopardus pardalis","LM6-7",9.7679,-83.6834,TRUE
"62476","Leopardus pardalis","LM6-7",9.7679,-83.6834,TRUE
"62480","Leopardus pardalis","LM6-7",9.7679,-83.6834,TRUE
"62487","Leopardus pardalis","LM6-7",9.7679,-83.6834,TRUE
"62489","Leopardus pardalis","LM6-7",9.7679,-83.6834,TRUE
"62490","Leopardus pardalis","LM6-7",9.7679,-83.6834,TRUE
"62491","Leopardus pardalis","LM6-7",9.7679,-83.6834,TRUE
"62543","Leopardus pardalis","T9-10",9.6963,-83.7714,TRUE
"62553","Leopardus pardalis","T9-10",9.6963,-83.7714,TRUE
"62556","Leopardus pardalis","T9-10",9.6963,-83.7714,TRUE
"62628","Leopardus pardalis","T9-10",9.6963,-83.7714,TRUE
"62885","Leopardus pardalis","T1-2",9.729,-83.7763,TRUE
"62888","Leopardus pardalis","T1-2",9.729,-83.7763,TRUE
"62890","Leopardus pardalis","T1-2",9.729,-83.7763,TRUE
"62891","Leopardus pardalis","T1-2",9.729,-83.7763,TRUE
"62905","Leopardus pardalis","T1-2",9.729,-83.7763,TRUE
"62917","Leopardus pardalis","T1-2",9.729,-83.7763,TRUE
"62918","Leopardus pardalis","T1-2",9.729,-83.7763,TRUE
"62922","Leopardus pardalis","T1-2",9.729,-83.7763,TRUE
"62950","Leopardus pardalis","T1-2",9.729,-83.7763,TRUE
"63017","Leopardus pardalis","T1-2",9.729,-83.7763,TRUE
"63018","Leopardus pardalis","T1-2",9.729,-83.7763,TRUE
"63019","Leopardus pardalis","T1-2",9.729,-83.7763,TRUE
"66044","Leopardus pardalis","T3-4",9.7068,-83.7793,TRUE
"66045","Leopardus pardalis","T3-4",9.7068,-83.7793,TRUE
"66054","Leopardus pardalis","T3-4",9.7068,-83.7793,TRUE
"66055","Leopardus pardalis","T3-4",9.7068,-83.7793,TRUE
"66060","Leopardus pardalis","T3-4",9.7068,-83.7793,TRUE
"66061","Leopardus pardalis","T3-4",9.7068,-83.7793,TRUE
"66094","Leopardus pardalis","T3-4",9.7068,-83.7793,TRUE
"66095","Leopardus pardalis","T3-4",9.7068,-83.7793,TRUE
"66152","Leopardus pardalis","T3-4",9.7068,-83.7793,TRUE
"66153","Leopardus pardalis","T3-4",9.7068,-83.7793,TRUE
"66156","Leopardus pardalis","T3-4",9.7068,-83.7793,TRUE
"66157","Leopardus pardalis","T3-4",9.7068,-83.7793,TRUE
"66747","Leopardus pardalis","T5-6",9.69,-83.7591,TRUE
"66759","Leopardus pardalis","T5-6",9.69,-83.7591,TRUE
"66761","Leopardus pardalis","T5-6",9.69,-83.7591,TRUE
"67208","Leopardus pardalis","T5-6",9.7068,-83.7793,TRUE
"67217","Leopardus pardalis","T5-6",9.7068,-83.7793,TRUE
"67248","Leopardus pardalis","T5-6",9.7068,-83.7793,TRUE
"67273","Leopardus pardalis","T5-6",9.69,-83.7591,TRUE
"67285","Leopardus pardalis","T5-6",9.69,-83.7591,TRUE
"67288","Leopardus pardalis","T5-6",9.69,-83.7591,TRUE
"67292","Leopardus pardalis","T5-6",9.69,-83.7591,TRUE
"67293","Leopardus pardalis","T5-6",9.69,-83.7591,TRUE
"67756","Leopardus pardalis","T07-08",9.728,-83.8567,TRUE
"67762","Leopardus pardalis","T07-08",9.728,-83.8567,TRUE
"67764","Leopardus pardalis","T07-08",9.728,-83.8567,TRUE
"67766","Leopardus pardalis","T07-08",9.728,-83.8567,TRUE
"67769","Leopardus pardalis","T07-08",9.728,-83.8567,TRUE
"67772","Leopardus pardalis","T07-08",9.728,-83.8567,TRUE
"67775","Leopardus pardalis","T07-08",9.728,-83.8567,TRUE
"67780","Leopardus pardalis","T07-08",9.728,-83.8567,TRUE
"67787","Leopardus pardalis","T07-08",9.728,-83.8567,TRUE
"67788","Leopardus pardalis","T07-08",9.728,-83.8567,TRUE
"67794","Leopardus pardalis","T07-08",9.728,-83.8567,TRUE
"67800","Leopardus pardalis","T07-08",9.728,-83.8567,TRUE
"67967","Leopardus pardalis","T07-08",9.728,-83.8567,TRUE
"67972","Leopardus pardalis","T07-08",9.728,-83.8567,TRUE
"67980","Leopardus pardalis","T07-08",9.728,-83.8567,TRUE
"67981","Leopardus pardalis","T07-08",9.728,-83.8567,TRUE
"67986","Leopardus pardalis","T07-08",9.728,-83.8567,TRUE
"68012","Leopardus pardalis","T07-08",9.728,-83.8567,TRUE
"68040","Leopardus pardalis","T07-08",9.728,-83.8567,TRUE
"68064","Leopardus pardalis","T07-08",9.728,-83.8567,TRUE
"68245","Leopardus pardalis","T07-08",9.728,-83.8567,TRUE
"68247","Leopardus pardalis","T07-08",9.728,-83.8567,TRUE
"68249","Leopardus pardalis","T07-08",9.728,-83.8567,TRUE
"68254","Leopardus pardalis","T07-08",9.728,-83.8567,TRUE
"68257","Leopardus pardalis","T07-08",9.728,-83.8567,TRUE
"68275","Leopardus pardalis","T07-08",9.728,-83.8567,TRUE
